Rk,Player,Tm,Age,Pos,G,GS,Tgt,Rec,Ctch%,Yds,Y/R,TD,1D,Lng,Y/Tgt,R/G,Y/G,Fmb,Player-additional,points
1,Michael Thomas*+,NOR,26,WR,16,15,185,149,80.50%,1725,11.6,9,91,49,9.3,9.3,107.8,1,ThomMi05,373.5
2,Christian McCaffrey*+,CAR,23,RB,16,16,142,116,81.70%,1005,8.7,4,58,28,7.1,7.3,62.8,1,McCaCh01,238.5
3,Keenan Allen*,LAC,27,WR,16,16,149,104,69.80%,1199,11.5,6,63,45,8,6.5,74.9,0,AlleKe00,259.9
4,DeAndre Hopkins*+,HOU,27,WR,15,15,150,104,69.30%,1165,11.2,7,68,43,7.8,6.9,77.7,0,HopkDe00,262.5
5,Julian Edelman,NWE,33,WR,16,13,153,100,65.40%,1117,11.2,6,54,44,7.3,6.3,69.8,3,EdelJu00,241.7
6,Julio Jones*,ATL,30,WR,15,15,157,99,63.10%,1394,14.1,6,77,54,8.9,6.6,92.9,1,JoneJu02,272.4
7,Allen Robinson,CHI,26,WR,16,15,154,98,63.60%,1147,11.7,7,63,49,7.4,6.1,71.7,0,RobiAl02,254.7
8,Travis Kelce*,KAN,30,TE,16,16,136,97,71.30%,1229,12.7,5,65,47,9,6.1,76.8,1,KelcTr00,247.9
9,Cooper Kupp,LAR,26,WR,16,14,134,94,70.10%,1161,12.4,10,51,66,8.7,5.9,72.6,3,KuppCo00,264.1
10,Austin Ekeler,LAC,24,rb,16,8,108,92,85.20%,993,10.8,8,42,84,9.2,5.8,62.1,3,EkelAu00,233.3
11,Tyler Boyd,CIN,25,WR,16,15,148,90,60.80%,1046,11.6,5,51,47,7.1,5.6,65.4,2,BoydTy00,220.6
12,Darren Waller,OAK,27,TE,16,16,117,90,76.90%,1145,12.7,3,53,75,9.8,5.6,71.6,1,WallDa01,220.5
13,Robert Woods,LAR,27,WR,15,15,139,90,64.70%,1134,12.6,2,54,48,8.2,6,75.6,0,WoodRo02,215.4
14,Zach Ertz*,PHI,29,TE,15,15,135,88,65.20%,916,10.4,6,50,30,6.8,5.9,61.1,1,ErtzZa00,213.6
15,D.J. Moore,CAR,22,WR,15,15,135,87,64.40%,1175,13.5,4,63,52,8.7,5.8,78.3,2,MoorD.00,224.5
16,Chris Godwin*,TAM,23,WR,14,14,121,86,71.10%,1333,15.5,9,63,71,11,6.1,95.2,0,GodwCh00,273.3
17,George Kittle*+,SFO,26,TE,14,14,107,85,79.40%,1053,12.4,5,53,61,9.8,6.1,75.2,1,KittGe00,218.3
18,Davante Adams*,GNB,27,WR,12,12,127,83,65.40%,997,12,5,54,58,7.9,6.9,83.1,2,AdamDa01,208.7
19,Jarvis Landry*,CLE,27,WR,16,16,138,83,60.10%,1174,14.1,6,55,65,8.5,5.2,73.4,0,LandJa00,236.4
20,Tyler Lockett,SEA,27,WR,16,16,110,82,74.50%,1057,12.9,8,53,44,9.6,5.1,66.1,1,LockTy00,233.7
21,Alvin Kamara*,NOR,24,RB,14,9,97,81,83.50%,533,6.6,1,28,41,5.5,5.8,38.1,4,KamaAl00,132.3
22,Tarik Cohen,CHI,24,RB,16,11,104,79,76.00%,456,5.8,3,18,31,4.4,4.9,28.5,3,CoheTa00,136.6
23,Amari Cooper*,DAL,25,WR,16,16,119,79,66.40%,1189,15.1,8,54,53,10,4.9,74.3,0,CoopAm00,245.9
24,Jamison Crowder,NYJ,26,WR,16,12,122,78,63.90%,833,10.7,6,41,41,6.8,4.9,52.1,0,CrowJa00,197.3
25,Leonard Fournette,JAX,24,RB,15,15,100,76,76.00%,522,6.9,0,23,27,5.2,5.1,34.8,1,FourLe00,126.2
26,Larry Fitzgerald,ARI,36,WR,16,16,109,75,68.80%,804,10.7,4,40,54,7.4,4.7,50.3,1,FitzLa00,177.4
27,Austin Hooper*,ATL,25,TE,13,10,97,75,77.30%,787,10.5,6,41,35,8.1,5.8,60.5,0,HoopAu00,189.7
28,Odell Beckham Jr.,CLE,27,WR,16,15,133,74,55.60%,1035,14,4,44,89,7.8,4.6,64.7,1,BeckOd00,199.5
29,DJ Chark*,JAX,23,WR,15,14,118,73,61.90%,1008,13.8,8,42,69,8.5,4.9,67.2,0,CharDJ00,221.8
30,John Brown,BUF,29,WR,15,15,115,72,62.60%,1060,14.7,6,53,53,9.2,4.8,70.7,0,BrowJo02,214
31,DeVante Parker,MIA,26,WR,16,14,128,72,56.30%,1202,16.7,9,58,51,9.4,4.5,75.1,0,ParkDe01,246.2
32,Courtland Sutton*,DEN,24,WR,16,14,124,72,58.10%,1112,15.4,6,50,70,9,4.5,69.5,2,SuttCo00,215.2
33,James White,NWE,27,rb,15,1,95,72,75.80%,645,9,5,31,59,6.8,4.8,43,1,WhitJa02,164.5
34,Tyler Higbee,LAR,26,TE,15,15,89,69,77.50%,734,10.6,3,36,33,8.2,4.6,48.9,0,HigbTy00,160.4
35,Christian Kirk,ARI,23,WR,13,13,108,68,63.00%,709,10.4,3,31,69,6.6,5.2,54.5,0,KirkCh01,156.9
36,Cole Beasley,BUF,30,WR,15,10,106,67,63.20%,778,11.6,6,37,51,7.3,4.5,51.9,0,BeasCo00,180.8
37,Mike Evans*,TAM,26,WR,13,13,118,67,56.80%,1157,17.3,8,54,67,9.8,5.2,89,0,EvanMi00,230.7
38,Le'Veon Bell,NYJ,27,RB,15,15,78,66,84.60%,461,7,1,20,23,5.9,4.4,30.7,1,BellLe00,116.1
39,Michael Gallup,DAL,23,WR,14,12,113,66,58.40%,1107,16.8,6,50,62,9.8,4.7,79.1,0,GallMi00,212.7
40,Emmanuel Sanders,2TM,32,,17,16,97,66,68.00%,869,13.2,5,41,75,9,3.9,51.1,0,SandEm00,182.9
41,Dede Westbrook,JAX,26,WR,15,11,101,66,65.30%,660,10,3,31,39,6.5,4.4,44,1,WestDe00,148
42,Kenny Golladay*,DET,26,WR,16,16,116,65,56.00%,1190,18.3,11,52,75,10.3,4.1,74.4,1,GollKe00,248
43,Mark Andrews*,BAL,24,te,15,4,98,64,65.30%,852,13.3,10,44,51,8.7,4.3,56.8,2,AndrMa00,205.2
44,Stefon Diggs,MIN,26,WR,15,15,94,63,67.00%,1130,17.9,6,41,66,12,4.2,75.3,4,DiggSt00,204
45,Calvin Ridley,ATL,25,WR,13,10,93,63,67.70%,866,13.7,7,47,36,9.3,4.8,66.6,0,RidlCa00,191.6
46,Jason Witten,DAL,37,TE,16,16,83,63,75.90%,529,8.4,4,27,33,6.4,3.9,33.1,1,WittJa00,137.9
47,Danny Amendola,DET,34,WR,15,10,97,62,63.90%,678,10.9,1,36,47,7,4.1,45.2,0,AmenDa00,135.8
48,Marvin Jones,DET,29,WR,13,11,91,62,68.10%,779,12.6,9,41,47,8.6,4.8,59.9,0,JoneMa02,193.9
49,Devonta Freeman,ATL,27,RB,14,14,70,59,84.30%,410,6.9,4,17,28,5.9,4.2,29.3,3,FreeDe00,118
50,Diontae Johnson,PIT,23,WR,16,12,92,59,64.10%,680,11.5,5,31,45,7.4,3.7,42.5,5,JohnDi01,147
51,Mohamed Sanu,2TM,30,,15,12,89,59,66.30%,520,8.8,2,30,28,5.8,3.9,34.7,0,SanuMo00,123
52,Dallas Goedert,PHI,24,TE,15,9,87,58,66.70%,607,10.5,5,33,28,7,3.9,40.5,2,GoedDa00,144.7
53,Tyreek Hill*,KAN,25,WR,12,12,89,58,65.20%,860,14.8,7,39,57,9.7,4.8,71.7,0,HillTy00,186
54,Terry McLaurin,WAS,24,WR,14,14,93,58,62.40%,919,15.8,7,43,75,9.9,4.1,65.6,0,McLaTe00,191.9
55,D.K. Metcalf,SEA,22,WR,16,15,100,58,58.00%,900,15.5,7,39,54,9,3.6,56.3,3,MetcDK00,184
56,Deebo Samuel,SFO,23,WR,15,11,81,57,70.40%,802,14.1,3,32,42,9.9,3.8,53.5,2,SamuDe00,151.2
57,Sterling Shepard,NYG,26,WR,10,10,83,57,68.70%,576,10.1,3,29,36,6.9,5.7,57.6,0,ShepSt00,132.6
58,Randall Cobb,DAL,29,wr,15,6,83,55,66.30%,828,15.1,3,41,59,10,3.7,55.2,2,CobbRa00,151.8
59,Hunter Henry,LAC,25,TE,12,12,76,55,72.40%,652,11.9,5,36,30,8.6,4.6,54.3,1,HenrHu00,148.2
60,Ezekiel Elliott*,DAL,24,RB,16,16,71,54,76.10%,420,7.8,2,21,27,5.9,3.4,26.3,3,ElliEz00,102
61,Curtis Samuel,CAR,23,WR,16,15,105,54,51.40%,627,11.6,6,36,44,6,3.4,39.2,0,SamuCu00,152.7
62,Dalvin Cook*,MIN,24,RB,14,14,63,53,84.10%,519,9.8,0,26,31,8.2,3.8,37.1,4,CookDa01,96.9
63,Robbie Anderson,NYJ,26,WR,16,15,96,52,54.20%,779,15,5,35,92,8.1,3.3,48.7,1,AndeRo04,157.9
64,Saquon Barkley,NYG,22,RB,13,13,73,52,71.20%,438,8.4,2,14,65,6,4,33.7,1,BarkSa00,105.8
65,A.J. Brown,TEN,22,WR,16,11,84,52,61.90%,1051,20.2,8,39,91,12.5,3.3,65.7,1,BrowAJ00,203.1
66,Anthony Miller,CHI,25,WR,16,7,85,52,61.20%,656,12.6,2,34,35,7.7,3.3,41,1,MillAn02,127.6
67,Greg Olsen,CAR,34,TE,14,14,82,52,63.40%,597,11.5,2,34,41,7.3,3.7,42.6,0,OlseGr00,123.7
68,Sammy Watkins,KAN,26,WR,14,13,90,52,57.80%,673,12.9,3,30,68,7.5,3.7,48.1,2,WatkSa00,133.3
69,Mike Gesicki,MIA,24,te,16,5,89,51,57.30%,570,11.2,5,25,34,6.4,3.2,35.6,1,GesiMi00,136
70,Kenyan Drake,2TM,25,,14,10,68,50,73.50%,345,6.9,0,15,26,5.1,3.6,24.6,2,DrakKe00,80.5
71,Miles Sanders,PHI,22,RB,16,11,63,50,79.40%,509,10.2,3,19,45,8.1,3.1,31.8,2,SandMi01,114.9
72,Will Fuller,HOU,25,WR,11,11,71,49,69.00%,670,13.7,3,26,54,9.4,4.5,60.9,1,FullWi01,132
73,Russell Gage,ATL,23,wr,16,4,74,49,66.20%,446,9.1,1,25,19,6,3.1,27.9,1,GageRu00,97.6
74,Aaron Jones,GNB,25,RB,16,16,68,49,72.10%,474,9.7,3,18,67,7,3.1,29.6,3,JoneAa00,108.4
75,Hunter Renfrow,OAK,24,wr,13,4,71,49,69.00%,605,12.3,4,30,65,8.5,3.8,46.5,1,RenfHu00,131.5
76,Golden Tate,NYG,31,WR,11,10,85,49,57.60%,676,13.8,6,30,64,8,4.5,61.5,1,TateGo00,150.6
77,Mike Williams,LAC,25,WR,15,15,90,49,54.40%,1001,20.4,2,41,56,11.1,3.3,66.7,0,WillMi07,161.1
78,Darius Slayton,NYG,22,WR,14,9,84,48,57.10%,740,15.4,8,32,55,8.8,3.4,52.9,0,SlayDa01,170
79,Chris Conley,JAX,27,WR,16,14,90,47,52.20%,775,16.5,5,36,70,8.6,2.9,48.4,0,ConlCh00,154.5
80,Jaylen Samuels,PIT,23,te,14,4,57,47,82.50%,305,6.5,1,19,27,5.4,3.4,21.8,1,SamuJa00,81.5
81,Marquise Brown,BAL,22,wr,14,11,71,46,64.80%,584,12.7,7,24,83,8.2,3.3,41.7,0,BrowMa04,146.4
82,T.Y. Hilton,IND,30,WR,10,10,68,45,66.20%,501,11.1,5,24,35,7.4,4.5,50.1,0,HiltT.00,125.1
83,Evan Engram,NYG,25,TE,8,6,68,44,64.70%,467,10.6,3,23,75,6.9,5.5,58.4,0,EngrEv00,108.7
84,Nyheim Hines,IND,23,rb,16,2,58,44,75.90%,320,7.3,0,15,21,5.5,2.8,20,1,HineNy00,74
85,Duke Johnson,HOU,26,rb,16,2,62,44,71.00%,410,9.3,3,18,21,6.6,2.8,25.6,1,JohnDu00,101
86,James Washington,PIT,23,WR,15,10,80,44,55.00%,735,16.7,3,31,79,9.2,2.9,49,1,WashJa00,133.5
87,Jared Cook*,NOR,32,te,14,7,65,43,66.20%,705,16.4,9,32,61,10.8,3.1,50.4,0,CookJa02,167.5
88,Corey Davis,TEN,24,TE,15,11,69,43,62.30%,601,14,2,33,38,8.7,2.9,40.1,1,DaviCo03,113.1
89,Jack Doyle*,IND,29,TE,16,16,72,43,59.70%,448,10.4,4,29,23,6.2,2.7,28,1,DoylJa00,109.8
90,Tyler Eifert,CIN,29,te,16,4,63,43,68.30%,436,10.1,3,24,27,6.9,2.7,27.3,0,EifeTy00,104.6
91,Alex Erickson,CIN,27,wr,16,6,78,43,55.10%,529,12.3,0,26,52,6.8,2.7,33.1,4,EricAl01,87.9
92,Royce Freeman,DEN,23,rb,16,0,50,43,86.00%,256,6,1,10,19,5.1,2.7,16,0,FreeRo00,74.6
93,Alshon Jeffery,PHI,29,WR,10,10,73,43,58.90%,490,11.4,4,36,38,6.7,4.3,49,0,JeffAl00,116
94,Albert Wilson,MIA,27,wr,13,4,62,43,69.40%,351,8.2,1,22,35,5.7,3.3,27,0,WilsAl02,84.1
95,Brandin Cooks,LAR,26,WR,14,14,72,42,58.30%,583,13.9,2,32,57,8.1,3,41.6,0,CookBr00,112.3
96,Melvin Gordon,LAC,26,RB,12,11,55,42,76.40%,296,7,1,11,25,5.4,3.5,24.7,4,GordMe00,69.6
97,JuJu Smith-Schuster,PIT,23,WR,12,12,70,42,60.00%,552,13.1,3,23,76,7.9,3.5,46,1,SmitJu00,113.2
98,Chris Thompson,WAS,29,rb,11,0,58,42,72.40%,378,9,0,16,39,6.5,3.8,34.4,1,ThomCh03,77.8
99,Tyrell Williams,OAK,27,WR,14,12,64,42,65.60%,651,15.5,6,33,46,10.2,3,46.5,0,WillTy00,143.1
100,Jacob Hollister,SEA,26,te,11,3,59,41,69.50%,349,8.5,3,16,22,5.9,3.7,31.7,0,HollJa03,93.9
101,Zach Pascal,IND,25,WR,16,13,72,41,56.90%,607,14.8,5,29,37,8.4,2.6,37.9,0,PascZa00,131.7
102,Noah Fant,DEN,22,TE,16,11,66,40,60.60%,562,14.1,3,23,75,8.5,2.5,35.1,1,FantNo00,112.2
103,Kenny Stills,HOU,27,wr,13,5,55,40,72.70%,561,14,4,27,45,10.2,3.1,43.2,0,StilKe00,120.1
104,Auden Tate,CIN,22,WR,12,10,80,40,50.00%,575,14.4,1,29,33,7.2,3.3,47.9,1,TateAu00,101.5
105,Nelson Agholor,PHI,26,WR,11,10,69,39,56.50%,363,9.3,3,17,43,5.3,3.5,33,2,AghoNe00,89.3
106,Kyle Rudolph,MIN,30,TE,16,16,48,39,81.30%,367,9.4,6,24,32,7.6,2.4,22.9,0,RudoKy00,111.7
107,Jamaal Williams,GNB,24,rb,14,2,45,39,86.70%,253,6.5,5,16,17,5.6,2.8,18.1,0,WillJa06,94.3
108,Jimmy Graham,GNB,33,TE,16,10,60,38,63.30%,447,11.8,3,23,48,7.5,2.4,27.9,1,GrahJi00,98.7
109,Vance McDonald,PIT,29,TE,14,14,55,38,69.10%,273,7.2,3,12,22,5,2.7,19.5,1,McDoVa00,81.3
110,Chris Carson,SEA,25,RB,15,15,47,37,78.70%,266,7.2,2,10,21,5.7,2.5,17.7,7,CarsCh00,61.6
111,Gerald Everett,LAR,25,te,13,2,60,37,61.70%,408,11,2,22,33,6.8,2.8,31.4,0,EverGe00,89.8
112,Adam Humphries,TEN,26,wr,12,3,47,37,78.70%,374,10.1,2,20,30,8,3.1,31.2,1,HumpAd00,84.4
113,Kareem Hunt,CLE,24,rb,8,3,44,37,84.10%,285,7.7,1,17,29,6.5,4.6,35.6,1,HuntKa00,69.5
114,Jordan Akins,HOU,27,TE,16,9,55,36,65.50%,418,11.6,2,21,53,7.6,2.3,26.1,0,AkinJo00,89.8
115,Cameron Brate,TAM,28,TE,16,6,55,36,65.50%,311,8.6,4,21,37,5.7,2.3,19.4,0,BratCa00,91.1
116,Nick Chubb*,CLE,24,RB,16,16,49,36,73.50%,278,7.7,0,13,32,5.7,2.3,17.4,3,ChubNi00,57.8
117,David Johnson,ARI,28,rb,13,9,47,36,76.60%,370,10.3,4,17,31,7.9,2.8,28.5,1,JohnDa08,95
118,Breshad Perriman,TAM,26,wr,14,4,69,36,52.20%,645,17.9,6,29,44,9.3,2.6,46.1,0,PerrBr02,136.5
119,Jalen Richard,OAK,26,rb,16,0,43,36,83.70%,323,9,0,15,33,7.5,2.3,20.2,2,RichJa01,64.3
120,Irv Smith Jr.,MIN,21,te,16,7,47,36,76.60%,311,8.6,2,17,29,6.6,2.3,19.4,1,SmitIr01,77.1
121,Demaryius Thomas,NYJ,32,WR,11,10,58,36,62.10%,433,12,1,22,47,7.5,3.3,39.4,0,ThomDe03,85.3
122,DeAndre Washington,OAK,26,rb,16,3,41,36,87.80%,292,8.1,0,10,28,7.1,2.3,18.3,0,WashDe00,65.2
123,Allen Lazard,GNB,24,wr,16,3,52,35,67.30%,477,13.6,3,24,43,9.2,2.2,29.8,0,LazaAl00,100.7
124,Phillip Lindsay,DEN,25,RB,16,16,48,35,72.90%,196,5.6,0,9,36,4.1,2.2,12.3,0,LindPh00,54.6
125,Joe Mixon,CIN,23,RB,16,15,45,35,77.80%,287,8.2,3,14,33,6.4,2.2,17.9,0,MixoJo00,81.7
126,Dare Ogunbowale,TAM,25,rb,16,0,46,35,76.10%,286,8.2,0,14,21,6.2,2.2,17.9,2,OgunDa00,59.6
127,Jonnu Smith,TEN,24,TE,16,14,44,35,79.50%,439,12.5,3,16,57,10,2.2,27.4,0,SmitJo01,96.9
128,Geronimo Allison,GNB,25,wr,16,6,55,34,61.80%,287,8.4,2,16,31,5.2,2.1,17.9,2,AlliGe01,70.7
129,James Conner,PIT,24,RB,10,10,38,34,89.50%,251,7.4,3,14,26,6.6,3.4,25.1,1,ConnJa00,75.1
130,Darren Fells,HOU,33,TE,16,14,48,34,70.80%,341,10,7,22,24,7.1,2.1,21.3,0,FellDa01,110.1
131,Ryan Griffin,NYJ,29,TE,13,13,41,34,82.90%,320,9.4,5,19,45,7.8,2.6,24.6,0,GrifRy00,96
132,O.J. Howard,TAM,25,TE,14,14,53,34,64.20%,459,13.5,1,23,33,8.7,2.4,32.8,1,HowaO.00,83.9
133,J.D. McKissic,DET,26,wr,16,3,42,34,81.00%,233,6.9,1,7,26,5.5,2.1,14.6,0,McKiJ.00,63.3
134,Latavius Murray,NOR,29,rb,16,8,43,34,79.10%,235,6.9,1,9,30,5.5,2.1,14.7,0,MurrLa00,63.5
135,Steven Sims,WAS,22,wr,16,2,56,34,60.70%,310,9.1,4,18,65,5.5,2.1,19.4,1,SimsSt00,87
136,Damiere Byrd,ARI,26,wr,11,3,46,32,69.60%,359,11.2,1,16,58,7.8,2.9,32.6,1,ByrdDa00,71.9
137,T.J. Hockenson,DET,22,te,12,7,59,32,54.20%,367,11.5,2,19,39,6.2,2.7,30.6,0,HockTJ00,80.7
138,Allen Hurns,MIA,28,WR,14,7,47,32,68.10%,416,13,2,18,27,8.9,2.3,29.7,1,HurnAl01,83.6
139,Demarcus Robinson,KAN,25,wr,16,10,55,32,58.20%,449,14,4,19,44,8.2,2,28.1,0,RobiDe01,100.9
140,Preston Williams,MIA,22,WR,8,7,60,32,53.30%,428,13.4,3,24,35,7.1,4,53.5,2,WillPr01,88.8
141,Nick Boyle,BAL,26,TE,16,15,43,31,72.10%,321,10.4,2,13,35,7.5,1.9,20.1,0,BoylNi00,75.1
142,Eric Ebron,IND,26,te,11,2,52,31,59.60%,375,12.1,3,20,48,7.2,2.8,34.1,0,EbroEr00,86.5
143,Todd Gurley,LAR,25,RB,15,15,49,31,63.30%,207,6.7,2,8,23,4.2,2.1,13.8,3,GurlTo01,57.7
144,Blake Jarwin,DAL,25,TE,16,7,41,31,75.60%,365,11.8,3,17,42,8.9,1.9,22.8,1,JarwBl00,83.5
145,Olabisi Johnson,MIN,22,,16,6,45,31,68.90%,294,9.5,3,17,23,6.5,1.9,18.4,0,JohnOl00,78.4
146,Ronald Jones II,TAM,22,RB,16,9,40,31,77.50%,309,10,0,12,41,7.7,1.9,19.3,3,JoneRo01,55.9
147,Kaden Smith,NYG,22,te,9,6,42,31,73.80%,268,8.6,3,12,32,6.4,3.4,29.8,2,SmitKa00,71.8
148,Willie Snead,BAL,27,WR,16,11,46,31,67.40%,339,10.9,5,20,50,7.4,1.9,21.2,0,SneaWi00,94.9
149,Giovani Bernard,CIN,28,rb,16,2,43,30,69.80%,234,7.8,0,7,35,5.4,1.9,14.6,2,BernGi00,49.4
150,Kendrick Bourne,SFO,24,wr,16,0,44,30,68.20%,358,11.9,5,23,30,8.1,1.9,22.4,0,BourKe00,95.8
151,Ted Ginn Jr.,NOR,34,WR,16,9,56,30,53.60%,421,14,2,20,45,7.5,1.9,26.3,0,GinnTe00,84.1
152,Kelvin Harmon,WAS,23,WR,16,8,44,30,68.20%,365,12.2,0,16,30,8.3,1.9,22.8,0,HarmKe00,66.5
153,Hayden Hurst,BAL,26,te,16,4,39,30,76.90%,349,11.6,2,16,61,8.9,1.9,21.8,0,HursHa00,76.9
154,Adam Thielen,MIN,29,WR,10,10,48,30,62.50%,418,13.9,6,18,44,8.7,3,41.8,0,ThieAd00,107.8
155,Damien Williams,KAN,27,rb,11,6,37,30,81.10%,213,7.1,2,10,32,5.8,2.7,19.4,1,WillDa05,61.3
156,Phillip Dorsett,NWE,26,wr,14,4,54,29,53.70%,397,13.7,5,17,58,7.4,2.1,28.4,0,DorsPh00,98.7
157,Taylor Gabriel,CHI,28,WR,9,7,48,29,60.40%,353,12.2,4,17,53,7.4,3.2,39.2,0,GabrTa00,88.3
158,Devin Singletary,BUF,22,RB,12,8,41,29,70.70%,194,6.7,2,5,49,4.7,2.4,16.2,4,SingDe00,52.4
159,DaeSean Hamilton,DEN,24,wr,16,2,52,28,53.80%,297,10.6,1,19,28,5.7,1.8,18.6,0,HamiDa01,63.7
160,Dawson Knox,BUF,23,TE,15,11,50,28,56.00%,388,13.9,2,15,49,7.8,1.9,25.9,0,KnoxDa00,78.8
161,LeSean McCoy,KAN,31,RB,13,9,34,28,82.40%,181,6.5,1,6,23,5.3,2.2,13.9,3,McCoLe01,46.1
162,Paul Richardson,WAS,27,WR,10,6,42,28,66.70%,245,8.8,2,13,22,5.8,2.8,24.5,0,RichPa01,64.5
163,John Ross,CIN,24,WR,8,8,56,28,50.00%,506,18.1,3,22,66,9,3.5,63.3,1,RossJo00,94.6
164,Greg Ward,PHI,24,wr,7,3,40,28,70.00%,254,9.1,1,18,38,6.4,4,36.3,0,WardGr02,59.4
165,Jarius Wright,CAR,30,WR,16,9,58,28,48.30%,296,10.6,0,16,33,5.1,1.8,18.5,0,WrigJa02,57.6
166,Rex Burkhead,NWE,29,rb,13,1,38,27,71.10%,279,10.3,0,10,32,7.3,2.1,21.5,1,BurkRe00,52.9
167,Josh Gordon,2TM,28,,11,7,47,27,57.40%,426,15.8,1,16,58,9.1,2.5,38.7,0,GordJo02,75.6
168,Zay Jones,2TM,24,,15,9,45,27,60.00%,216,8,0,10,23,4.8,1.8,14.4,0,JoneZa00,48.6
169,Isaiah McKenzie,BUF,24,WR,15,8,39,27,69.20%,254,9.4,1,12,46,6.5,1.8,16.9,0,McKeIs00,58.4
170,C.J. Uzomah,CIN,26,TE,16,16,40,27,67.50%,242,9,2,12,36,6.1,1.7,15.1,0,UzomC.00,63.2
171,Mecole Hardman*,KAN,21,wr,16,5,41,26,63.40%,538,20.7,6,18,83,13.1,1.6,33.6,2,HardMe00,111.8
172,Mark Ingram*,BAL,30,RB,15,15,29,26,89.70%,247,9.5,5,16,25,8.5,1.7,16.5,2,IngrMa01,76.7
173,Jakobi Meyers,NWE,23,wr,15,1,41,26,63.40%,359,13.8,0,17,35,8.8,1.7,23.9,0,MeyeJa01,61.9
174,Trey Quinn,WAS,24,wr,12,6,47,26,55.30%,198,7.6,1,10,19,4.2,2.2,16.5,1,QuinTr00,49.8
175,Jeremy Sprinkle,WAS,25,TE,16,13,40,26,65.00%,241,9.3,1,13,23,6,1.6,15.1,1,SpriJe00,54.1
176,Marquez Valdes-Scantling,GNB,25,WR,16,10,56,26,46.40%,452,17.4,2,14,74,8.1,1.6,28.3,0,ValdMa00,83.2
177,Pharoh Cooper,2TM,24,,13,1,33,25,75.80%,243,9.7,1,10,28,7.4,1.9,18.7,0,CoopPh00,55.3
178,Josh Hill,NOR,29,TE,16,11,35,25,71.40%,226,9,3,13,29,6.5,1.6,14.1,0,HillJo02,65.6
179,Dion Lewis,TEN,29,rb,16,1,32,25,78.10%,164,6.6,1,7,24,5.1,1.6,10.3,1,LewiDi00,45.4
180,David Montgomery,CHI,22,rb,16,8,35,25,71.40%,185,7.4,1,7,30,5.3,1.6,11.6,2,MontDa01,45.5
181,Tajae Sharpe,TEN,25,WR,15,6,35,25,71.40%,329,13.2,4,20,47,9.4,1.7,21.9,0,SharTa00,81.9
182,Keelan Cole,JAX,26,wr,16,1,35,24,68.60%,361,15,3,19,55,10.3,1.5,22.6,0,ColeKe00,78.1
183,Ty Johnson,DET,22,rb,16,1,31,24,77.40%,109,4.5,0,4,13,3.5,1.5,6.8,1,JohnTy02,32.9
184,Cody Latimer,NYG,27,wr,15,10,42,24,57.10%,300,12.5,2,19,43,7.1,1.6,20,0,LatiCo00,66
185,Boston Scott,PHI,24,rb,11,2,26,24,92.30%,204,8.5,0,10,39,7.8,2.2,18.5,4,ScotBo02,36.4
186,Will Dissly,SEA,23,TE,6,6,27,23,85.20%,262,11.4,4,14,38,9.7,3.8,43.7,1,DissWi00,71.2
187,Isaiah Ford,MIA,23,wr,8,0,35,23,65.70%,244,10.6,0,16,28,7,2.9,30.5,0,FordIs00,47.4
188,Bennie Fowler,NYG,28,wr,8,2,36,23,63.90%,193,8.4,0,12,17,5.4,2.9,24.1,0,FowlBe00,42.3
189,Patrick Laird,MIA,24,rb,15,4,30,23,76.70%,204,8.9,0,13,21,6.8,1.5,13.6,0,LairPa00,43.4
190,Keke Coutee,HOU,22,wr,9,4,36,22,61.10%,254,11.5,0,10,51,7.1,2.4,28.2,1,CoutKe00,45.4
191,Tevin Coleman,SFO,26,RB,14,11,30,21,70.00%,180,8.6,1,9,37,6,1.5,12.9,0,ColeTe01,45
192,KeeSean Johnson,ARI,23,wr,10,4,42,21,50.00%,187,8.9,1,10,31,4.5,2.1,18.7,1,JohnKe07,43.7
193,Foster Moreau,OAK,22,TE,13,7,25,21,84.00%,174,8.3,5,14,23,7,1.6,13.4,0,MoreFo00,68.4
194,Josh Reynolds,LAR,24,wr,16,2,43,21,48.80%,326,15.5,1,15,31,7.6,1.3,20.4,0,ReynJo00,59.6
195,Seth Roberts,BAL,28,wr,16,0,35,21,60.00%,271,12.9,2,18,33,7.7,1.3,16.9,0,RobeSe00,60.1
196,Delanie Walker,TEN,35,te,7,4,31,21,67.70%,215,10.2,2,11,29,6.9,3,30.7,1,WalkHu00,52.5
197,Josh Jacobs,OAK,21,RB,13,13,27,20,74.10%,166,8.3,0,8,28,6.1,1.5,12.8,1,JacoJo01,34.6
198,Kyle Juszczyk*,SFO,28,FB,12,12,24,20,83.30%,239,12,1,11,49,10,1.7,19.9,0,JuszKy00,49.9
199,Matt Breida,SFO,24,rb,13,5,22,19,86.40%,120,6.3,1,6,17,5.5,1.5,9.2,2,BreiMa00,33
200,Jakeem Grant,MIA,27,wr,10,2,33,19,57.60%,164,8.6,0,9,18,5,1.9,16.4,2,GranJa00,31.4
201,Justin Hardy,ATL,28,wr,16,1,26,19,73.10%,195,10.3,0,9,23,7.5,1.2,12.2,0,HardJu00,38.5
202,Taysom Hill,NOR,29,wr,16,5,22,19,86.40%,234,12.3,6,14,45,10.6,1.2,14.6,0,HillTa00,78.4
203,Parris Campbell,IND,22,wr,7,3,24,18,75.00%,127,7.1,1,6,27,5.3,2.6,18.1,3,CampPa00,30.7
204,Charles Clay,ARI,30,TE,15,10,24,18,75.00%,237,13.2,1,12,47,9.9,1.2,15.8,0,ClayCh00,47.7
205,Rhett Ellison,NYG,31,fb,10,7,28,18,64.30%,167,9.3,1,4,31,6,1.8,16.7,0,ElliRh00,40.7
206,Derrick Henry *,TEN,25,RB,15,15,24,18,75.00%,206,11.4,2,4,75,8.6,1.2,13.7,5,HenrDe00,40.6
207,Tre'Quan Smith,NOR,23,WR,11,6,25,18,72.00%,234,13,5,17,32,9.4,1.6,21.3,0,SmitTr03,71.4
208,Javon Wims,CHI,25,wr,16,6,39,18,46.20%,186,10.3,1,9,37,4.8,1.1,11.6,0,WimsJa00,42.6
209,C.J. Ham*,MIN,26,FB,16,7,26,17,65.40%,149,8.8,1,6,36,5.7,1.1,9.3,1,HamxC.00,35.9
210,Marcus Johnson,IND,25,WR,8,6,33,17,51.50%,277,16.3,2,12,50,8.4,2.1,34.6,0,JohnMa07,56.7
211,David Moore,SEA,24,wr,14,1,34,17,50.00%,301,17.7,2,14,60,8.9,1.2,21.5,2,MoorDa03,55.1
212,Adrian Peterson,WAS,34,RB,15,15,23,17,73.90%,142,8.4,0,7,22,6.2,1.1,9.5,3,PeteAd01,25.2
213,Vyncint Smith,NYJ,23,wr,13,4,31,17,54.80%,225,13.2,0,11,37,7.3,1.3,17.3,1,SmitVy00,37.5
214,Nick Vannett,2TM,26,,16,7,22,17,77.30%,166,9.8,0,5,18,7.5,1.1,10.4,0,VannNi00,33.6
215,Ben Watson,NWE,39,te,10,8,24,17,70.80%,173,10.2,0,9,26,7.2,1.7,17.3,0,WatsBe00,34.3
216,Peyton Barber,TAM,25,rb,16,7,24,16,66.70%,115,7.2,1,4,16,4.8,1,7.2,1,BarbPe01,31.5
217,Jaron Brown,SEA,29,WR,14,4,28,16,57.10%,220,13.8,2,10,48,7.9,1.1,15.7,1,BrowJa03,48
218,Jesse James,DET,25,TE,16,11,27,16,59.30%,142,8.9,0,8,23,5.3,1,8.9,0,JameJe00,30.2
219,Tim Patrick,DEN,26,wr,8,2,31,16,51.60%,218,13.6,0,14,38,7,2,27.3,0,PatrTi00,37.8
220,Chester Rogers,IND,25,wr,12,6,28,16,57.10%,179,11.2,2,11,27,6.4,1.3,14.9,2,RogeCh02,41.9
221,Ian Thomas,CAR,23,te,16,3,30,16,53.30%,136,8.5,1,10,19,4.5,1,8.5,0,ThomIa00,35.6
222,Logan Thomas,DET,28,qb,16,3,28,16,57.10%,173,10.8,1,10,17,6.2,1,10.8,0,ThomLo00,39.3
223,Ameer Abdullah,MIN,26,rb,16,0,21,15,71.40%,88,5.9,1,5,16,4.2,0.9,5.5,1,AbduAm00,27.8
224,Ross Dwelley,SFO,24,te,16,6,22,15,68.20%,91,6.1,2,8,25,4.1,0.9,5.7,0,DwelRo00,36.1
225,Demetrius Harris,CLE,28,TE,15,6,27,15,55.60%,149,9.9,3,10,23,5.5,1,9.9,0,HarrDe03,47.9
226,Marcedes Lewis,GNB,35,TE,16,11,19,15,78.90%,156,10.4,1,8,25,8.2,0.9,9.8,0,LewiMa00,36.6
227,Tony Pollard,DAL,22,rb,15,0,20,15,75.00%,107,7.1,1,4,21,5.4,1,7.1,1,PollTo00,29.7
228,Malik Turner,SEA,23,wr,15,3,22,15,68.20%,245,16.3,1,10,33,11.1,1,16.3,0,TurnMa00,45.5
229,Mark Walton,MIA,22,rb,7,4,21,15,71.40%,89,5.9,0,3,18,4.2,2.1,12.7,1,WaltMa00,21.9
230,Justin Watson,TAM,23,wr,16,2,26,15,57.70%,159,10.6,2,10,17,6.1,0.9,9.9,0,WatsJu01,42.9
231,Darrel Williams,KAN,24,rb,12,0,19,15,78.90%,167,11.1,1,7,52,8.8,1.3,13.9,1,WillDa10,35.7
232,Maxx Williams,ARI,25,TE,16,10,19,15,78.90%,202,13.5,1,11,28,10.6,0.9,12.6,0,WillMa04,41.2
233,Ryquell Armstead,JAX,23,rb,16,1,24,14,58.30%,144,10.3,2,9,31,6,0.9,9,0,ArmsRy00,40.4
234,Kalen Ballage,MIA,24,RB,12,6,24,14,58.30%,63,4.5,0,4,13,2.6,1.2,5.3,0,BallKa00,20.3
235,Trey Burton,CHI,28,te,8,5,24,14,58.30%,84,6,0,5,16,3.5,1.8,10.5,0,BurtTr01,22.4
236,Anthony Firkser,TEN,24,fb,15,1,24,14,58.30%,204,14.6,1,9,39,8.5,0.9,13.6,0,FirkAn00,40.4
237,Jeff Heuerman,DEN,27,TE,14,11,20,14,70.00%,114,8.1,1,9,26,5.7,1,8.1,0,HeueJe00,31.4
238,Marlon Mack,IND,23,RB,14,12,17,14,82.40%,82,5.9,0,2,14,4.8,1,5.9,0,MackMa00,22.2
239,Raheem Mostert,SFO,27,rb,16,0,22,14,63.60%,180,12.9,2,6,39,8.2,0.9,11.3,2,MostRa00,40
240,James O'Shaughnessy,JAX,27,TE,5,5,20,14,70.00%,153,10.9,2,7,35,7.7,2.8,30.6,0,O'ShJa00,41.3
241,Ricky Seals-Jones,CLE,24,wr,14,3,22,14,63.60%,229,16.4,4,10,59,10.4,1,16.4,1,SealRi00,58.9
242,Tavon Austin,DAL,29,wr,14,0,24,13,54.20%,177,13.6,1,8,59,7.4,0.9,12.6,1,AustTa00,34.7
243,Miles Boykin,BAL,23,WR,16,11,22,13,59.10%,198,15.2,3,10,50,9,0.8,12.4,0,BoykMi00,50.8
244,Derek Carrier,OAK,29,te,16,4,19,13,68.40%,108,8.3,1,4,25,5.7,0.8,6.8,0,CarrDe00,29.8
245,Frank Gore,BUF,36,rb,16,8,16,13,81.30%,100,7.7,0,5,18,6.3,0.8,6.3,0,GoreFr00,23
246,Matt LaCosse,NWE,27,TE,11,8,19,13,68.40%,131,10.1,1,6,24,6.9,1.2,11.9,0,LaCoMa00,32.1
247,Scott Miller,TAM,22,wr,10,2,26,13,50.00%,200,15.4,1,5,48,7.7,1.3,20,0,MillSc01,39
248,Ty Montgomery,NYJ,26,wr,16,2,17,13,76.50%,90,6.9,0,3,21,5.3,0.8,5.6,0,MontTy01,22
249,Nick O'Leary,2TM,27,,12,5,18,13,72.20%,109,8.4,1,4,19,6.1,1.1,9.1,1,OLeaNi00,27.9
250,Geoff Swaim,JAX,26,te,6,2,17,13,76.50%,65,5,0,1,9,3.8,2.2,10.8,0,SwaiGe00,19.5
251,T.J. Yeldon,BUF,26,rb,6,0,15,13,86.70%,124,9.5,0,6,23,8.3,2.2,20.7,1,YeldT.00,23.4
252,Seth Devalve,JAX,26,te,12,6,18,12,66.70%,140,11.7,0,7,20,7.8,1,11.7,0,DevaSe00,26
253,Chase Edmonds,ARI,23,rb,13,2,21,12,57.10%,105,8.8,1,5,31,5,0.9,8.1,0,EdmoCh00,28.5
254,Marquise Goodwin,SFO,29,wr,9,6,21,12,57.10%,186,15.5,1,10,38,8.9,1.3,20.7,0,GoodMa00,36.6
255,N'Keal Harry,NWE,22,wr,7,5,24,12,50.00%,105,8.8,2,7,18,4.4,1.7,15,0,HarrNK00,34.5
256,Dontrell Hilliard,CLE,24,rb,14,0,15,12,80.00%,92,7.7,0,4,19,6.1,0.9,6.6,2,HillDo00,17.2
257,Dontrelle Inman,2TM,30,,7,1,21,12,57.10%,181,15.1,0,9,28,8.6,1.7,25.9,0,InmaDo00,30.1
258,Jake Kumerow,GNB,27,wr,14,4,21,12,57.10%,219,18.3,1,8,49,10.4,0.9,15.6,0,KumeJa00,39.9
259,Sony Michel,NWE,24,RB,16,14,20,12,60.00%,94,7.8,0,7,19,4.7,0.8,5.9,2,MichSo00,17.4
260,Byron Pringle,KAN,26,wr,16,0,16,12,75.00%,170,14.2,1,7,28,10.6,0.8,10.6,0,PrinBy00,35
261,Damion Ratley,CLE,24,wr,13,3,24,12,50.00%,200,16.7,1,11,46,8.3,0.9,15.4,0,RatlDa00,38
262,Duke Williams,BUF,27,,4,3,19,12,63.20%,166,13.8,1,8,41,8.7,3,41.5,0,WillDu01,34.6
263,Christian Blake,ATL,23,wr,9,3,24,11,45.80%,91,8.3,0,5,13,3.8,1.2,10.1,0,BlakCh00,20.1
264,DeAndre Carter,HOU,26,wr,16,3,14,11,78.60%,162,14.7,0,6,46,11.6,0.7,10.1,2,CartDe02,23.2
265,Keelan Doss,OAK,23,wr,8,2,14,11,78.60%,133,12.1,0,6,31,9.5,1.4,16.6,0,DossKe00,24.3
266,Wayne Gallman,NYG,25,rb,10,2,15,11,73.30%,102,9.3,1,4,21,6.8,1.1,10.2,0,GallWa00,27.2
267,Travis Homer,SEA,21,rb,16,1,13,11,84.60%,56,5.1,0,3,11,4.3,0.7,3.5,0,HomeTr00,16.6
268,Cordarrelle Patterson*+,CHI,28,wr,16,4,17,11,64.70%,83,7.5,0,3,33,4.9,0.7,5.2,0,PattCo00,19.3
269,Dante Pettis,SFO,24,wr,11,4,24,11,45.80%,109,9.9,2,7,21,4.5,1,9.9,0,PettDa00,33.9
270,Ito Smith,ATL,24,rb,7,0,14,11,78.60%,87,7.9,0,2,11,6.2,1.6,12.4,0,SmitIt00,19.7
271,JJ Arcega-Whiteside,PHI,23,wr,16,5,22,10,45.50%,169,16.9,1,7,30,7.7,0.6,10.6,0,ArceJJ00,32.9
272,Vernon Davis,WAS,35,te,4,1,19,10,52.60%,123,12.3,1,4,48,6.5,2.5,30.8,0,DaviVe00,28.3
273,Brian Hill,ATL,24,rb,12,2,14,10,71.40%,69,6.9,1,4,12,4.9,0.8,5.8,0,HillBr02,22.9
274,Mack Hollins,2TM,26,,16,3,23,10,43.50%,125,12.5,0,7,20,5.4,0.6,7.8,0,HollMa00,22.5
275,Jordan Howard,PHI,25,rb,10,4,14,10,71.40%,69,6.9,1,3,20,4.9,1,6.9,0,HowaJo00,22.9
276,Carlos Hyde,HOU,29,RB,16,14,16,10,62.50%,42,4.2,0,2,14,2.6,0.6,2.6,4,HydeCa00,6.2
277,Kerryon Johnson,DET,22,RB,8,7,15,10,66.70%,127,12.7,1,7,36,8.5,1.3,15.9,1,JohnKe06,26.7
278,Alexander Mattison,MIN,21,rb,13,0,12,10,83.30%,82,8.2,0,3,17,6.8,0.8,6.3,1,MattAl01,16.2
279,C.J. Prosise,SEA,25,rb,9,0,12,10,83.30%,76,7.6,0,3,21,6.3,1.1,8.4,1,ProsC.00,15.6
280,Robert Tonyan,GNB,25,te,11,1,15,10,66.70%,100,10,1,4,28,6.7,0.9,9.1,0,TonyRo00,26
281,Andrew Beck,DEN,23,te,16,6,12,9,75.00%,90,10,1,6,29,7.5,0.6,5.6,0,BeckAn01,24
282,Brandon Bolden,NWE,29,rb,15,2,11,9,81.80%,111,12.3,1,6,29,10.1,0.6,7.4,0,BoldBr00,26.1
283,Deon Cain,2TM,23,,13,6,20,9,45.00%,124,13.8,0,7,35,6.2,0.7,9.5,0,CainDe00,21.4
284,Jaeden Graham,ATL,24,te,16,0,10,9,90.00%,149,16.6,1,7,53,14.9,0.6,9.3,0,GrahJa01,29.9
285,Virgil Green,LAC,31,te,15,4,13,9,69.20%,78,8.7,1,4,15,6,0.6,5.2,0,GreeVi00,22.8
286,Andy Isabella,ARI,23,wr,15,1,13,9,69.20%,189,21,1,4,88,14.5,0.6,12.6,0,IsabAn00,33.9
287,DeSean Jackson,PHI,33,wr,3,3,10,9,90.00%,159,17.7,2,6,53,15.9,3,53,0,JackDe00,36.9
288,Justin Jackson,LAC,23,rb,7,0,11,9,81.80%,22,2.4,0,0,9,2,1.3,3.1,0,JackJu01,11.2
289,Joshua Perkins,PHI,26,te,5,0,13,9,69.20%,87,9.7,1,5,24,6.7,1.8,17.4,0,PerkJo02,23.7
290,Kalif Raymond,TEN,25,wr,8,1,12,9,75.00%,170,18.9,1,6,52,14.2,1.1,21.3,1,RaymKa00,30
291,Adam Shaheen,CHI,25,te,8,2,13,9,69.20%,74,8.2,0,3,18,5.7,1.1,9.3,1,ShahAd00,14.4
292,Wendell Smallwood,WAS,25,rb,15,0,13,9,69.20%,64,7.1,0,4,18,4.9,0.6,4.3,0,SmalWe00,15.4
293,Darwin Thompson,KAN,22,rb,12,0,10,9,90.00%,43,4.8,0,2,19,4.3,0.8,3.6,0,ThomDa06,13.3
294,Laquon Treadwell,MIN,24,wr,13,1,16,9,56.30%,184,20.4,1,8,58,11.5,0.7,14.2,0,TreaLa00,33.4
295,Damion Willis,CIN,22,wr,10,2,16,9,56.30%,82,9.1,0,3,17,5.1,0.9,8.2,0,WillDa11,17.2
296,Mo Alie-Cox,IND,26,te,16,2,11,8,72.70%,93,11.6,0,5,21,8.5,0.5,5.8,0,AlieMo00,17.3
297,Dan Arnold,2TM,24,,5,1,14,8,57.10%,127,15.9,2,6,37,9.1,1.6,25.4,0,ArnoDa00,32.7
298,Blake Bell,KAN,28,TE,15,7,15,8,53.30%,67,8.4,0,3,30,4.5,0.5,4.5,0,BellBl00,14.7
299,Antonio Callaway,CLE,22,wr,4,2,15,8,53.30%,89,11.1,0,3,41,5.9,2,22.3,0,CallAn00,16.9
300,Tyler Conklin,MIN,24,te,15,1,10,8,80.00%,58,7.3,0,2,20,5.8,0.5,3.9,0,ConkTy00,13.8
301,Trevor Davis,3TM,26,,14,4,11,8,72.70%,111,13.9,0,4,28,10.1,0.6,7.9,3,DaviTr03,13.1
302,Hale Hentges,WAS,23,te,11,4,14,8,57.10%,103,12.9,1,6,24,7.4,0.7,9.4,0,HentHa00,24.3
303,Justice Hill,BAL,22,rb,16,0,15,8,53.30%,70,8.8,0,5,14,4.7,0.5,4.4,0,HillJu00,15
304,Chris Hogan,CAR,32,wr,7,1,15,8,53.30%,67,8.4,0,3,13,4.5,1.1,9.6,0,HogaCh00,14.7
305,Jesper Horsted,CHI,22,wr,6,1,10,8,80.00%,87,10.9,1,4,20,8.7,1.3,14.5,1,HorsJe00,20.7
306,Rashaad Penny,SEA,23,rb,10,0,11,8,72.70%,83,10.4,1,3,30,7.5,0.8,8.3,1,PennRa00,20.3
307,Patrick Ricard*,BAL,25,FB,16,7,11,8,72.70%,47,5.9,1,3,10,4.3,0.5,2.9,0,RicaPa00,18.7
308,Luke Stocker,ATL,31,TE,15,9,14,8,57.10%,53,6.6,0,2,18,3.8,0.5,3.5,1,StocLu00,11.3
309,Tommy Sweeney,BUF,24,te,6,1,13,8,61.50%,114,14.3,0,4,29,8.8,1.3,19,0,SweeTo00,19.4
310,Ryan Switzer,PIT,25,wr,9,0,11,8,72.70%,27,3.4,0,2,8,2.5,0.9,3,1,SwitRy00,8.7
311,Luke Willson,SEA,29,te,8,7,10,8,80.00%,79,9.9,0,5,17,7.9,1,9.9,0,WillLu00,15.9
312,Brandon Zylstra,CAR,26,wr,8,0,12,8,66.70%,106,13.3,0,5,40,8.8,1,13.3,1,ZylsBr00,16.6
313,Daniel Brown,NYJ,27,wr,16,5,11,7,63.60%,72,10.3,1,4,24,6.5,0.4,4.5,0,BrowDa04,20.2
314,Mike Davis,2TM,26,,12,1,8,7,87.50%,22,3.1,0,1,7,2.8,0.6,1.8,0,DaviMi01,9.2
315,Gus Edwards,BAL,24,rb,16,1,7,7,100.00%,45,6.4,0,2,10,6.4,0.4,2.8,2,EdwaGu00,7.5
316,Myles Gaskin,MIA,22,rb,7,0,12,7,58.30%,51,7.3,0,2,20,4.3,1,7.3,0,GaskMy00,12.1
317,Derrius Guice,WAS,22,rb,5,1,9,7,77.80%,79,11.3,1,2,45,8.8,1.4,15.8,0,GuicDe00,20.9
318,Marvin Hall,DET,26,wr,9,0,11,7,63.60%,261,37.3,1,7,58,23.7,0.8,29,0,HallMa02,39.1
319,J.P. Holtz,2TM,26,,15,7,8,7,87.50%,91,13,0,4,30,11.4,0.5,6.1,0,HoltJ.01,16.1
320,Bilal Powell,NYJ,31,rb,13,1,12,7,58.30%,33,4.7,0,0,9,2.8,0.5,2.5,0,PoweBi00,10.3
321,Durham Smythe,MIA,24,TE,16,14,14,7,50.00%,65,9.3,0,2,24,4.6,0.4,4.1,0,SmytDu00,13.5
322,Danny Vitale,GNB,26,rb,15,4,12,7,58.30%,97,13.9,0,3,27,8.1,0.5,6.5,0,VitaDa00,16.7
323,Jordan Wilkins,IND,25,rb,14,1,11,7,63.60%,43,6.1,0,1,11,3.9,0.5,3.1,0,WilkJo01,11.3
324,Kenjon Barner,ATL,30,rb,14,0,8,6,75.00%,22,3.7,0,1,13,2.8,0.4,1.6,4,BarnKe00,0.2
325,Travis Benjamin,LAC,30,wr,5,2,16,6,37.50%,30,5,0,3,13,1.9,1.2,6,0,BenjTr00,9
326,Braxton Berrios,NYJ,24,wr,16,0,13,6,46.20%,115,19.2,0,3,69,8.8,0.4,7.2,1,BerrBr00,15.5
327,Reggie Bonnafon,CAR,23,rb,16,0,9,6,66.70%,57,9.5,0,1,32,6.3,0.4,3.6,0,BonnRe00,11.7
328,Devontae Booker,DEN,27,rb,16,0,9,6,66.70%,57,9.5,0,1,25,6.3,0.4,3.6,0,BookDe00,11.7
329,Ben Braunecker,CHI,25,te,11,3,11,6,54.50%,59,9.8,1,5,18,5.4,0.5,5.4,0,BrauBe00,17.9
330,Trey Edmunds,PIT,25,te,11,0,7,6,85.70%,48,8,0,2,11,6.9,0.5,4.4,0,EdmuTr00,10.8
331,Troy Fumagalli,DEN,24,te,11,5,9,6,66.70%,38,6.3,1,1,9,4.2,0.5,3.5,0,FumaTr00,15.8
332,Deonte Harty*+,NOR,22,wr,14,1,6,6,100.00%,24,4,0,2,13,4,0.4,1.7,3,HarrDe07,2.4
333,Alec Ingold,OAK,23,fb,16,4,6,6,100.00%,44,7.3,1,4,14,7.3,0.4,2.8,0,IngoAl01,16.4
334,Ryan Izzo,NWE,24,te,6,4,9,6,66.70%,114,19,1,4,41,12.7,1,19,0,IzzoRy00,23.4
335,Richie James,SFO,24,wr,16,1,10,6,60.00%,165,27.5,1,5,57,16.5,0.4,10.3,1,JameRi00,26.5
336,D'Ernest Johnson,CLE,23,rb,16,0,7,6,85.70%,71,11.8,0,1,27,10.1,0.4,4.4,0,JohnDE04,13.1
337,Tyler Kroft,BUF,27,te,11,3,14,6,42.90%,71,11.8,1,5,20,5.1,0.5,6.5,0,KrofTy00,19.1
338,Zach Line,NOR,29,rb,12,2,10,6,60.00%,36,6,0,1,12,3.6,0.5,3,0,LineZa01,9.6
339,Andre Patton,LAC,25,WR,13,5,17,6,35.30%,56,9.3,0,4,15,3.3,0.5,4.3,0,PattAn00,11.6
340,MyCole Pruitt,TEN,27,TE,16,10,8,6,75.00%,90,15,1,4,42,11.3,0.4,5.6,0,PruiMy00,21
341,Riley Ridley,CHI,23,wr,5,0,7,6,85.70%,69,11.5,0,4,32,9.9,1.2,13.8,0,RidlRi00,12.9
342,Diontae Spencer,DEN,27,wr,16,2,8,6,75.00%,31,5.2,0,1,20,3.9,0.4,1.9,3,SpenDi00,3.1
343,Darren Sproles,PHI,36,rb,6,1,10,6,60.00%,24,4,0,1,7,2.4,1,4,1,SproDa00,6.4
344,Marcell Ateman,OAK,25,wr,11,0,10,5,50.00%,116,23.2,0,4,36,11.6,0.5,10.5,1,AtemMa00,14.6
345,Stephen Carlson,CLE,23,te,9,5,7,5,71.40%,51,10.2,1,2,21,7.3,0.6,5.7,0,CarlSt00,16.1
346,Patrick DiMarco,BUF,30,fb,16,4,7,5,71.40%,41,8.2,0,1,27,5.9,0.3,2.6,0,DiMaPa00,9.1
347,Andy Janovich,DEN,26,rb,7,3,5,5,100.00%,42,8.4,0,1,22,8.4,0.7,6,0,JanoAn00,9.2
348,David Njoku,CLE,23,te,4,1,10,5,50.00%,41,8.2,1,3,18,4.1,1.3,10.3,0,NjokDa00,15.1
349,Drew Sample,CIN,23,te,9,2,6,5,83.30%,30,6,0,1,21,5,0.6,3.3,0,SampDr00,8
350,Devin Smith,DAL,27,wr,4,2,9,5,55.60%,113,22.6,1,4,51,12.6,1.3,28.3,0,SmitDe04,22.3
351,Spencer Ware,KAN,28,rb,3,1,7,5,71.40%,22,4.4,0,1,18,3.1,1.7,7.3,1,WareSp00,5.2
352,Jonathan Williams,IND,25,rb,9,1,5,5,100.00%,59,11.8,0,3,31,11.8,0.6,6.6,0,WillJo07,10.9
353,Cedrick Wilson Jr.,DAL,24,wr,6,0,8,5,62.50%,46,9.2,0,2,14,5.8,0.8,7.7,0,WilsCe01,9.6
354,Nick Bawden,DET,23,rb,10,2,6,4,66.70%,17,4.3,0,1,10,2.8,0.4,1.7,0,BawdNi00,5.7
355,Khari Blasingame,TEN,23,rb,6,3,5,4,80.00%,54,13.5,0,2,24,10.8,0.7,9,0,BlasKh00,9.4
356,Antonio Brown,NWE,31,wr,1,0,8,4,50.00%,56,14,1,3,20,7,4,56,0,BrowAn04,15.6
357,Tra Carson,2TM,27,,3,1,4,4,100.00%,18,4.5,0,0,8,4.5,1.3,6,0,CarsTr01,5.8
358,Michael Crabtree,ARI,32,wr,2,1,5,4,80.00%,22,5.5,0,0,9,4.4,2,11,0,CrabMi00,6.2
359,Ryan Grant,OAK,29,wr,2,1,9,4,44.40%,14,3.5,0,1,9,1.6,2,7,0,GranRy01,5.4
360,Darrell Henderson,LAR,22,rb,13,0,6,4,66.70%,37,9.3,0,1,14,6.2,0.3,2.8,0,HendDa00,7.7
361,Rashard Higgins,CLE,25,wr,10,1,11,4,36.40%,55,13.8,1,3,35,5,0.4,5.5,0,HiggRa00,15.5
362,KhaDarel Hodge,CLE,24,wr,16,1,10,4,40.00%,76,19,0,3,41,7.6,0.3,4.8,0,HodgKh00,11.6
363,Tevin Jones,PIT,27,wr,5,0,10,4,40.00%,61,15.3,0,1,28,6.1,0.8,12.2,0,JoneTe02,10.1
364,Jordan Matthews,2TM,27,,3,1,12,4,33.30%,33,8.3,0,1,10,2.8,1.3,11,0,MattJo00,7.3
365,Donte Moncrief,2TM,26,,8,2,15,4,26.70%,18,4.5,0,1,11,1.2,0.5,2.3,0,MoncDo00,5.8
366,Johnny Mundt,LAR,25,te,13,2,7,4,57.10%,26,6.5,0,1,9,3.7,0.3,2,0,MundJo00,6.6
367,JJ Nelson,OAK,27,wr,2,1,5,4,80.00%,36,9,1,1,29,7.2,2,18,0,NelsJJ00,13.6
368,Trent Sherfield,ARI,23,wr,16,1,13,4,30.80%,80,20,0,4,38,6.2,0.3,5,0,SherTr00,12
369,Lee Smith,BUF,32,wr,16,5,5,4,80.00%,31,7.8,1,2,9,6.2,0.3,1.9,0,SmitLe00,13.1
370,Ross Travis,IND,26,lb,3,1,6,4,66.70%,51,12.8,0,1,25,8.5,1.3,17,1,TravRo00,7.1
371,Clive Walford,MIA,28,te,7,3,8,4,50.00%,57,14.3,0,4,19,7.1,0.6,8.1,0,WalfCl00,9.7
372,DeAndrew White,CAR,28,wr,10,0,9,4,44.40%,51,12.8,0,3,18,5.7,0.4,5.1,0,WhitDe01,9.1
373,Mike Boone,MIN,24,rb,16,2,4,3,75.00%,17,5.7,0,0,7,4.3,0.2,1.1,0,BoonMi00,4.7
374,Cody Core,NYG,25,wr,16,0,5,3,60.00%,28,9.3,0,2,11,5.6,0.2,1.8,0,CoreCo00,5.8
375,Geremy Davis,LAC,27,wr,7,1,3,3,100.00%,38,12.7,0,1,19,12.7,0.4,5.4,0,DaviGe00,6.8
376,Robert Foster,BUF,25,wr,13,2,18,3,16.70%,64,21.3,0,3,24,3.6,0.2,4.9,0,FostRo01,9.4
377,Devin Funchess,IND,25,wr,1,1,5,3,60.00%,32,10.7,0,2,16,6.4,3,32,0,FuncDe00,6.2
378,Jon Hilliman,NYG,24,rb,3,1,4,3,75.00%,1,0.3,0,0,5,0.3,1,0.3,2,HillJo03,-0.9
379,Johnny Holton,PIT,29,wr,16,3,15,3,20.00%,21,7,0,1,18,1.4,0.2,1.3,0,HoltJo00,5.1
380,T.J. Jones,NYG,27,wr,3,0,4,3,75.00%,38,12.7,1,2,28,9.5,1,12.7,3,JoneT.00,6.8
381,Lance Kendricks,LAC,31,te,12,1,7,3,42.90%,50,16.7,0,3,24,7.1,0.3,4.2,0,KendLa00,8
382,Chris Lacy,DET,23,wr,7,2,10,3,30.00%,60,20,0,2,48,6,0.4,8.6,0,LacyCh00,9
383,Marqise Lee,JAX,28,wr,6,1,4,3,75.00%,18,6,0,2,8,4.5,0.5,3,0,LeexMa00,4.8
384,Chris Moore,BAL,26,wr,14,1,5,3,60.00%,21,7,0,0,13,4.2,0.2,1.5,0,MoorCh00,5.1
385,Stanley Morgan Jr.,CIN,23,wr,11,0,10,3,30.00%,18,6,0,0,9,1.8,0.3,1.6,0,MorgSt02,4.8
386,Josh Oliver,JAX,22,te,4,1,6,3,50.00%,15,5,0,0,6,2.5,0.8,3.8,0,OlivJo00,4.5
387,Devine Ozigbo,JAX,23,rb,10,0,5,3,60.00%,23,7.7,0,1,12,4.6,0.3,2.3,0,OzigDe01,5.3
388,Andre Roberts*,BUF,31,wr,13,0,7,3,42.90%,20,6.7,0,1,7,2.9,0.2,1.5,1,RobeAn00,3
389,Russell Shepard,NYG,29,wr,3,0,8,3,37.50%,25,8.3,0,1,12,3.1,1,8.3,0,ShepRu00,5.5
390,Benny Snell Jr.,PIT,21,rb,13,2,4,3,75.00%,23,7.7,0,0,14,5.8,0.2,1.8,1,SnelBe00,3.3
391,Derek Watt,LAC,27,rb,16,2,5,3,60.00%,32,10.7,0,1,21,6.4,0.2,2,0,WattDe00,6.2
392,Bobo Wilson,TAM,24,wr,6,1,11,3,27.30%,35,11.7,0,2,14,3.2,0.5,5.8,3,WilsJe00,0.5
393,Jeff Wilson,SFO,24,rb,10,0,5,3,60.00%,34,11.3,1,1,25,6.8,0.3,3.4,0,WilsJe01,12.4
394,Deon Yelder,KAN,24,te,9,1,4,3,75.00%,50,16.7,0,2,24,12.5,0.3,5.6,0,YeldDe00,8
395,Olamide Zaccheaus,ATL,22,wr,10,0,5,3,60.00%,115,38.3,1,2,93,23,0.3,11.5,0,ZaccOl01,20.5
396,Alex Armah,CAR,25,fb,16,1,2,2,100.00%,6,3,0,0,4,3,0.1,0.4,0,ArmaAl00,2.6
397,Chad Beebe,MIN,25,wr,3,0,2,2,100.00%,70,35,0,2,61,35,0.7,23.3,3,BeebCh00,3
398,Josh Bellamy,NYJ,30,wr,7,0,3,2,66.70%,20,10,0,1,15,6.7,0.3,2.9,0,BellJo02,4
399,Nick Bellore,SEA,30,lb,14,1,2,2,100.00%,23,11.5,1,2,20,11.5,0.1,1.6,0,BellNi01,10.3
400,C.J. Board,JAX,26,wr,4,0,4,2,50.00%,31,15.5,0,1,23,7.8,0.5,7.8,0,BoarC.00,5.1
401,Fred Brown,DEN,26,wr,13,1,3,2,66.70%,21,10.5,0,1,16,7,0.2,1.6,1,BrowFr01,2.1
402,Malcolm Brown,LAR,26,rb,14,1,6,2,33.30%,16,8,0,0,10,2.7,0.1,1.1,0,BrowMa03,3.6
403,Pharaoh Brown,CLE,25,TE,9,6,3,2,66.70%,27,13.5,0,1,18,9,0.2,3,0,BrowPh01,4.7
404,Deontay Burnett,PHI,22,wr,1,1,4,2,50.00%,48,24,0,1,41,12,2,48,0,BurnDe00,6.8
405,Cethan Carter,CIN,24,te,15,0,3,2,66.70%,13,6.5,1,2,8,4.3,0.1,0.9,0,CartCe00,9.3
406,Robert Davis,2TM,24,,6,3,5,2,40.00%,17,8.5,0,2,11,3.4,0.3,2.8,0,DaviRo00,3.7
407,Ashton Dulin,IND,22,wr,13,0,2,2,100.00%,17,8.5,0,0,13,8.5,0.2,1.3,0,DuliAs00,3.7
408,Tyler Ervin,2TM,26,,10,0,4,2,50.00%,11,5.5,0,1,6,2.8,0.2,1.1,2,ErviTy00,-0.9
409,Rico Gafford,OAK,23,db,4,1,2,2,100.00%,66,33,1,2,49,33,0.5,16.5,0,GaffRi00,14.6
410,Wes Hills,DET,24,rb,1,1,2,2,100.00%,1,0.5,0,0,2,0.5,2,1,0,HillWe00,2.1
411,Alexander Hollins,MIN,23,wr,5,1,4,2,50.00%,46,23,0,2,35,11.5,0.4,9.2,0,HollAl00,6.6
412,Cody Hollister,TEN,26,wr,5,0,2,2,100.00%,13,6.5,0,0,11,6.5,0.4,2.6,0,HollCo00,3.3
413,Tanner Hudson,TAM,25,te,9,1,5,2,40.00%,26,13,0,1,14,5.2,0.2,2.9,0,HudsTa00,4.6
414,Ishmael Hyman,TAM,24,wr,2,1,4,2,50.00%,34,17,0,2,31,8.5,1,17,0,HymaIs00,5.4
415,Darius Jennings,TEN,27,wr,8,0,5,2,40.00%,17,8.5,0,2,11,3.4,0.3,2.1,0,JennDa00,3.7
416,T.J. Logan,TAM,25,fb,12,0,3,2,66.70%,13,6.5,0,1,11,4.3,0.2,1.1,0,LogaT.00,3.3
417,Steven Mitchell,HOU,25,wr,3,1,6,2,33.30%,37,18.5,0,2,21,6.2,0.7,12.3,0,MitcSt02,5.7
418,Jason Moore,LAC,24,wr,10,0,5,2,40.00%,43,21.5,0,2,32,8.6,0.2,4.3,0,MoorJa02,6.3
419,Isaac Nauta,DET,22,te,6,0,3,2,66.70%,13,6.5,0,1,10,4.3,0.3,2.2,0,NautIs00,3.3
420,Roosevelt Nix,PIT,27,rb,3,0,3,2,66.70%,4,2,0,0,4,1.3,0.7,1.3,0,NixxRo01,2.4
421,Gunner Olszewski,NWE,23,wr,8,0,4,2,50.00%,34,17,0,1,29,8.5,0.3,4.3,1,OlszGu00,3.4
422,Elijhaa Penny,NYG,26,rb,16,1,4,2,50.00%,9,4.5,0,0,9,2.3,0.1,0.6,0,PennEl00,2.9
423,Troymaine Pope,LAC,26,rb,14,0,3,2,66.70%,14,7,1,1,13,4.7,0.1,1,1,PopeTr00,7.4
424,Eric Saubert,CHI,25,te,2,0,3,2,66.70%,21,10.5,0,1,11,7,1,10.5,0,SaubEr00,4.1
425,Da'Mari Scott,NYG,24,wr,5,2,3,2,66.70%,22,11,0,2,11,7.3,0.4,4.4,0,ScotDa02,4.2
426,Anthony Sherman,KAN,31,rb,16,0,3,2,66.70%,22,11,0,2,15,7.3,0.1,1.4,0,SherAn00,4.2
427,Scott Simonson,NYG,27,te,5,1,2,2,100.00%,11,5.5,0,1,10,5.5,0.4,2.2,0,SimoSc00,3.1
428,Cam Sims,WAS,23,wr,7,1,3,2,66.70%,27,13.5,0,1,15,9,0.3,3.9,0,SimsCa00,4.7
429,Mike Thomas,LAR,25,wr,16,0,5,2,40.00%,14,7,0,1,9,2.8,0.1,0.9,0,ThomMi04,3.4
430,Levine Toilolo,SFO,28,te,13,0,2,2,100.00%,10,5,0,0,8,5,0.2,0.8,0,ToilLe00,3
431,Michael Walker,JAX,23,wr,7,0,3,2,66.70%,15,7.5,0,1,9,5,0.3,2.1,2,WalkMi00,-0.5
432,Trevon Wesco,NYJ,24,,16,1,3,2,66.70%,47,23.5,0,2,32,15.7,0.1,2.9,0,WescTr00,6.7
433,Zach Zenner,3TM,28,,5,0,3,2,66.70%,19,9.5,0,2,13,6.3,0.4,3.8,0,ZennZa00,3.9
434,Jamal Agnew,DET,24,db,13,0,2,1,50.00%,-2,-2,0,0,-2,-1,0.1,-0.2,1,AgneJa00,-1.2
435,Javorius Allen,NYG,28,rb,10,0,2,1,50.00%,9,9,0,0,9,4.5,0.1,0.9,0,AlleJa01,1.9
436,Antony Auclair,TAM,26,te,8,5,3,1,33.30%,11,11,0,1,11,3.7,0.1,1.4,0,AuclAn00,2.1
437,David Blough,DET,24,qb,5,5,1,1,100.00%,19,19,1,1,19,19,0.2,3.8,1,BlouDa00,6.9
438,Garrett Bradbury,MIN,24,C,16,16,1,1,100.00%,-4,-4,0,0,-4,-4,0.1,-0.3,0,BradGa00,0.6
439,Jacoby Brissett,IND,27,QB,15,15,1,1,100.00%,2,2,0,0,2,2,0.1,0.1,7,BrisJa00,-12.8
440,Ventell Bryant,DAL,23,wr,12,0,1,1,100.00%,15,15,1,1,15,15,0.1,1.3,0,BryaVe00,8.5
441,Kevin Byard,TEN,26,FS,16,16,1,1,100.00%,11,11,0,1,11,11,0.1,0.7,0,ByarKe01,2.1
442,Austin Carr,NOR,26,wr,6,3,4,1,25.00%,9,9,0,1,9,2.3,0.2,1.5,0,CarrAu00,1.9
443,Sean Culkin,LAC,26,te,4,2,2,1,50.00%,12,12,0,1,12,6,0.3,3,0,CulkSe00,2.2
444,Andy Dalton,CIN,32,QB,13,13,1,1,100.00%,-4,-4,0,0,-4,-4,0.1,-0.3,8,DaltAn00,-15.4
445,Darrell Daniels,ARI,25,te,11,0,3,1,33.30%,4,4,0,1,4,1.3,0.1,0.4,0,DaniDa02,1.4
446,Cody Davis,JAX,30,db,16,0,1,1,100.00%,7,7,0,1,7,7,0.1,0.4,0,DaviCo02,1.7
447,Rashard Davis,TEN,24,wr,1,0,1,1,100.00%,16,16,0,1,16,16,1,16,0,DaviRa01,2.6
448,Dion Dawkins,BUF,25,LT,16,16,1,1,100.00%,1,1,1,1,1,1,0.1,0.1,0,DawkDi00,7.1
449,Michael Deiter,MIA,23,LG,16,15,1,1,100.00%,0,0,0,0,0,0,0.1,0,0,DeitMi00,1
450,Jeff Driskel,DET,26,qb,3,3,1,1,100.00%,6,6,0,0,6,6,0.3,2,1,DrisJe00,-0.4
451,Quincy Enunwa,NYJ,27,wr,1,1,3,1,33.30%,-4,-4,0,0,8,-1.3,1,-4,1,EnunQu00,-1.4
452,Zach Gentry,PIT,23,te,4,0,1,1,100.00%,4,4,0,1,4,4,0.3,1,0,GentZa00,1.4
453,Cyril Grayson,TAM,26,wr,2,0,1,1,100.00%,3,3,0,0,3,3,0.5,1.5,0,GrayCy01,1.3
454,Xavier Grimble,PIT,27,te,3,1,3,1,33.30%,3,3,0,0,3,1,0.3,1,0,GrimXa00,1.3
455,Dwayne Harris,OAK,32,wr,3,0,1,1,100.00%,7,7,0,0,7,7,0.3,2.3,0,HarrDw00,1.7
456,Chris Herndon,NYJ,23,te,1,0,2,1,50.00%,7,7,0,0,7,3.5,1,7,0,HernCh00,1.7
457,Krishawn Hogan,NOR,24,wr,8,0,1,1,100.00%,4,4,0,0,4,4,0.1,0.5,0,HogaKr00,1.4
458,Jakob Johnson,NWE,25,FB,4,3,2,1,50.00%,5,5,0,0,5,2.5,0.3,1.3,0,JohnJa12,1.5
459,Charles Jones,JAX,23,te,4,0,1,1,100.00%,5,5,0,0,5,5,0.3,1.3,0,JoneCh10,1.5
460,Taiwan Jones,HOU,31,rb,11,0,1,1,100.00%,9,9,0,0,9,9,0.1,0.8,0,JoneTa00,1.9
461,Dennis Kelly,TEN,29,t,15,4,1,1,100.00%,1,1,1,1,1,1,0.1,0.1,0,KellDe00,7.1
462,Ben Koyack,JAX,26,te,11,6,3,1,33.30%,9,9,0,0,9,3,0.1,0.8,0,KoyaBe00,1.9
463,Chris Manhertz,CAR,27,te,15,6,1,1,100.00%,11,11,0,1,11,11,0.1,0.7,0,ManhCh00,2.1
464,Codey McElroy,TAM,27,te,1,0,1,1,100.00%,30,30,0,1,30,30,1,30,0,McElCo00,4
465,Kaleb McGary,ATL,24,RT,16,16,1,1,100.00%,-3,-3,0,0,-3,-3,0.1,-0.2,0,McGaKa00,0.7
466,Qadree Ollison,ATL,23,rb,8,0,2,1,50.00%,7,7,0,1,7,3.5,0.1,0.9,1,OlliQa00,-0.3
467,Ricky Ortiz,NOR,25,fb,1,0,1,1,100.00%,8,8,0,0,8,8,1,8,0,OrtiRi00,1.8
468,Paul Perkins,DET,25,rb,4,0,1,1,100.00%,9,9,0,0,9,9,0.3,2.3,0,PerkPa00,1.9
469,Senorise Perry,BUF,28,rb,11,0,1,1,100.00%,1,1,0,0,1,1,0.1,0.1,0,PerrSe00,1.1
470,David Quessenberry,TEN,29,t,4,0,1,1,100.00%,1,1,1,1,1,1,0.3,0.3,0,QuesDa00,7.1
471,Elandon Roberts,NWE,25,lb,16,3,1,1,100.00%,38,38,1,1,38,38,0.1,2.4,0,RobeEl00,10.8
472,Ty Sambrailo,ATL,27,t,13,0,1,1,100.00%,35,35,1,1,35,35,0.1,2.7,0,SambTy00,10.5
473,Jason Sanders,MIA,24,k,16,0,1,1,100.00%,1,1,1,1,1,1,0.1,0.1,0,SandJa00,7.1
474,Bo Scarbrough,DET,25,rb,6,5,4,1,25.00%,5,5,0,0,5,1.3,0.2,0.8,1,ScarBo01,-0.5
475,Dalton Schultz,DAL,23,te,16,0,2,1,50.00%,6,6,0,0,6,3,0.1,0.4,0,SchuDa00,1.6
476,Jaleel Scott,BAL,24,wr,3,0,3,1,33.30%,6,6,0,0,6,2,0.3,2,0,ScotJa02,1.6
477,Nick Scott,LAR,24,db,16,0,1,1,100.00%,23,23,0,1,23,23,0.1,1.4,0,ScotNi01,3.3
478,Darrius Shepherd,GNB,24,wr,6,0,2,1,50.00%,1,1,0,0,1,0.5,0.2,0.2,1,ShepDa00,-0.9
479,Jeff Smith,NYJ,22,wr,1,0,2,1,50.00%,12,12,0,1,12,6,1,12,0,SmitJe03,2.2
480,Keith Smith,ATL,27,fb,16,5,3,1,33.30%,13,13,0,1,13,4.3,0.1,0.8,0,SmitKe03,2.3
481,Tyrone Swoopes,SEA,25,te,5,2,1,1,100.00%,5,5,0,0,5,5,0.2,1,0,SwooTy00,1.5
482,Wyatt Teller,CLE,25,RG,15,9,1,1,100.00%,-5,-5,0,0,-5,-5,0.1,-0.3,0,TellWy00,0.5
483,De'Anthony Thomas,2TM,26,,14,0,2,1,50.00%,6,6,0,0,6,3,0.1,0.4,3,ThomDe05,-4.4
484,Jordan Thomas,HOU,23,te,5,2,3,1,33.30%,8,8,0,0,8,2.7,0.2,1.6,0,ThomJo05,1.8
485,Eric Tomlinson,3TM,27,,8,3,1,1,100.00%,1,1,0,0,1,1,0.1,0.1,0,TomlEr01,1.1
486,John Ursua,SEA,25,wr,3,0,1,1,100.00%,11,11,0,1,11,11,0.3,3.7,0,UrsuJo00,2.1
487,Vita Vea,TAM,24,NT,16,16,1,1,100.00%,1,1,1,1,1,1,0.1,0.1,0,VeaxVi00,7.1
488,Dwayne Washington,NOR,25,rb,16,0,1,1,100.00%,6,6,0,0,6,6,0.1,0.4,0,WashDw00,1.6
489,Deshaun Watson*,HOU,24,QB,15,15,1,1,100.00%,6,6,1,1,6,6,0.1,0.4,10,WatsDe00,-12.4
490,Kerrith Whyte Jr,PIT,23,rb,6,0,1,1,100.00%,9,9,0,1,9,9,0.2,1.5,0,WhytKe00,1.9
491,Christian Wilkins,MIA,24,RDE,16,14,1,1,100.00%,1,1,1,1,1,1,0.1,0.1,1,WilkCh00,5.1
492,Jay Ajayi,PHI,26,rb,3,0,1,0,0.00%,0,,0,0,0,0,0,0,0,AjayJa00,0
493,Michael Burton,WAS,27,rb,10,2,1,0,0.00%,0,,0,0,0,0,0,0,,BurtMi00,0
494,Kirk Cousins*,MIN,31,QB,15,15,1,0,0.00%,0,,0,0,0,0,0,0,10,CousKi00,-20
495,Dane Cruikshank,TEN,24,db,16,0,1,0,0.00%,0,,0,0,0,0,0,0,,CruiDa00,0
496,Dalyn Dawkins,TEN,25,rb,2,0,1,0,0.00%,0,,0,0,0,0,0,0,0,DawkDa01,0
497,George Fant,SEA,27,t,16,7,1,0,0.00%,0,,0,0,0,0,0,0,,FantGe00,0
498,Travis Fulgham,DET,24,wr,3,0,3,0,0.00%,0,,0,0,0,0,0,0,,FulgTr00,0
499,Jalen Guyton,LAC,22,wr,3,0,2,0,0.00%,0,,0,0,0,0,0,0,,GuytJa01,0
500,Justin Hardee,NOR,25,wr,16,0,1,0,0.00%,0,,0,0,0,0,0,0,,HardJu01,0
501,Lil'Jordan Humphrey,NOR,21,wr,5,1,1,0,0.00%,0,,0,0,0,0,0,0,,HumpLi01,0
502,Deon Lacey,MIA,29,lb,16,0,1,0,0.00%,0,,0,0,0,0,0,0,,LaceDe00,0
503,David Long,LAR,21,db,8,0,1,0,0.00%,0,,0,0,0,0,0,0,,LongDa02,0
504,Jamize Olawale,DAL,30,fb,16,5,2,0,0.00%,0,,0,0,0,0,0,0,,OlawJa00,0
505,Jace Sternberger,GNB,23,te,6,1,1,0,0.00%,0,,0,0,0,0,0,0,,SterJa00,0
506,Taywan Taylor,CLE,24,wr,3,1,1,0,0.00%,0,,0,0,0,0,0,0,0,TaylTa00,0
507,Tyrod Taylor,LAC,30,qb,8,0,1,0,0.00%,0,,0,0,0,0,0,0,0,TaylTy00,0
508,Chad Williams,IND,25,wr,1,0,1,0,0.00%,0,,0,0,0,0,0,0,,WillCh05,0