player,age,pos,g,gs,ctch,yds,yr,td,d,lng,rg,yg,fmb,player_additional,points
Stefon Diggs,26,WR,15,15,67.00%,1130,17.9,6,41,66,4.2,75.3,4,DiggSt00,328.5
Davante Adams*,27,WR,12,12,65.40%,997,12,5,54,58,6.9,83.1,2,AdamDa01,358.4
DeAndre Hopkins*+,27,WR,15,15,69.30%,1165,11.2,7,68,43,6.9,77.7,0,HopkDe00,285.7
Darren Waller,27,TE,16,16,76.90%,1145,12.7,3,53,75,5.6,71.6,1,WallDa01,276.6
Travis Kelce*,30,TE,16,16,71.30%,1229,12.7,5,65,47,6.1,76.8,1,KelcTr00,310.6
Allen Robinson,26,WR,16,15,63.60%,1147,11.7,7,63,49,6.1,71.7,0,RobiAl02,263
Keenan Allen*,27,WR,16,16,69.80%,1199,11.5,6,63,45,6.5,74.9,0,AlleKe00,241.2
Tyler Lockett,27,WR,16,16,74.50%,1057,12.9,8,53,44,5.1,66.1,1,LockTy00,263.4
JuJu Smith-Schuster,23,WR,12,12,60.00%,552,13.1,3,23,76,3.5,46,1,SmitJu00,228.1
Robbie Anderson,26,WR,16,15,54.20%,779,15,5,35,92,3.3,48.7,1,AndeRo04,220.6
Amari Cooper*,25,WR,16,16,66.40%,1189,15.1,8,54,53,4.9,74.3,0,CoopAm00,233.4
Cooper Kupp,26,WR,16,14,70.10%,1161,12.4,10,51,66,5.9,72.6,3,KuppCo00,205.4
Calvin Ridley,25,WR,13,10,67.70%,866,13.7,7,47,36,4.8,66.6,0,RidlCa00,279.4
Robert Woods,27,WR,15,15,64.70%,1134,12.6,2,54,48,6,75.6,0,WoodRo02,215.6
Diontae Johnson,23,WR,16,12,64.10%,680,11.5,5,31,45,3.7,42.5,5,JohnDi01,218.3
Tyreek Hill*,25,WR,12,12,65.20%,860,14.8,7,39,57,4.8,71.7,0,HillTy00,302.6
Terry McLaurin,24,WR,14,14,62.40%,919,15.8,7,43,75,4.1,65.6,0,McLaTe00,220.8
Alvin Kamara*,24,RB,14,9,83.50%,533,6.6,1,28,41,5.8,38.1,4,KamaAl00,186.6
D.K. Metcalf,22,WR,16,15,58.00%,900,15.5,7,39,54,3.6,56.3,3,MetcDK00,271.3
Cole Beasley,30,WR,15,10,63.20%,778,11.6,6,37,51,4.5,51.9,0,BeasCo00,202.7
Brandin Cooks,26,WR,14,14,58.30%,583,13.9,2,32,57,3,41.6,0,CookBr00,232
J.D. McKissic,26,wr,16,3,81.00%,233,6.9,1,7,26,2.1,14.6,0,McKiJ.00,144.9
Tyler Boyd,25,WR,16,15,60.80%,1046,11.6,5,51,47,5.6,65.4,2,BoydTy00,185.1
Curtis Samuel,23,WR,16,15,51.40%,627,11.6,6,36,44,3.4,39.2,0,SamuCu00,178.1
Marvin Jones,29,WR,13,11,68.10%,779,12.6,9,41,47,4.8,59.9,0,JoneMa02,227.8
Adam Thielen,29,WR,10,10,62.50%,418,13.9,6,18,44,3,41.8,0,ThieAd00,250.5
Russell Gage,23,wr,16,4,66.20%,446,9.1,1,25,19,3.1,27.9,1,GageRu00,174.6
Jarvis Landry*,27,WR,16,16,60.10%,1174,14.1,6,55,65,5.2,73.4,0,LandJa00,170
Logan Thomas,28,qb,16,3,57.10%,173,10.8,1,10,17,1,10.8,0,ThomLo00,175
A.J. Brown,22,WR,16,11,61.90%,1051,20.2,8,39,91,3.3,65.7,1,BrowAJ00,239.5
Mike Evans*,26,WR,13,13,56.80%,1157,17.3,8,54,67,5.2,89,0,EvanMi00,248.6
T.J. Hockenson,22,te,12,7,54.20%,367,11.5,2,19,39,2.7,30.6,0,HockTJ00,173.3
D.J. Moore,22,WR,15,15,64.40%,1175,13.5,4,63,52,5.8,78.3,2,MoorD.00,209.3
Sterling Shepard,26,WR,10,10,68.70%,576,10.1,3,29,36,5.7,57.6,0,ShepSt00,149.6
Corey Davis,24,TE,15,11,62.30%,601,14,2,33,38,2.9,40.1,1,DaviCo03,191.4
Chris Godwin*,23,WR,14,14,71.10%,1333,15.5,9,63,71,6.1,95.2,0,GodwCh00,189
Evan Engram,25,TE,8,6,64.70%,467,10.6,3,23,75,5.5,58.4,0,EngrEv00,132.4
Nyheim Hines,23,rb,16,2,75.90%,320,7.3,0,15,21,2.8,20,1,HineNy00,135.2
DeVante Parker,26,WR,16,14,56.30%,1202,16.7,9,58,51,4.5,75.1,0,ParkDe01,164.3
Dalton Schultz,23,te,16,0,50.00%,6,6,0,0,6,0.1,0.4,0,SchuDa00,146.5
Noah Fant,22,TE,16,11,60.60%,562,14.1,3,23,75,2.5,35.1,1,FantNo00,147.3
Emmanuel Sanders,32,0,17,16,68.00%,869,13.2,5,41,75,3.9,51.1,0,SandEm00,161.6
Hunter Henry,25,TE,12,12,72.40%,652,11.9,5,36,30,4.6,54.3,1,HenrHu00,145.3
Jamison Crowder,26,WR,16,12,63.90%,833,10.7,6,41,41,4.9,52.1,0,CrowJa00,164.9
Mike Davis,26,0,12,1,87.50%,22,3.1,0,1,7,0.6,1.8,0,DaviMi01,106.3
Michael Gallup,23,WR,14,12,58.40%,1107,16.8,6,50,62,4.7,79.1,0,GallMi00,173.3
Jakobi Meyers,23,wr,15,1,63.40%,359,13.8,0,17,35,1.7,23.9,0,MeyeJa01,129.9
Mark Andrews*,24,te,15,4,65.30%,852,13.3,10,44,51,4.3,56.8,2,AndrMa00,166.1
Marquise Brown,22,wr,14,11,64.80%,584,12.7,7,24,83,3.3,41.7,0,BrowMa04,182.9
Eric Ebron,26,te,11,2,59.60%,375,12.1,3,20,48,2.8,34.1,0,EbroEr00,139.8
T.Y. Hilton,30,WR,10,10,66.20%,501,11.1,5,24,35,4.5,50.1,0,HiltT.00,162.2
Hayden Hurst,26,te,16,4,76.90%,349,11.6,2,16,61,1.9,21.8,0,HursHa00,149.1
Hunter Renfrow,24,wr,13,4,69.00%,605,12.3,4,30,65,3.8,46.5,1,RenfHu00,129.6
Keelan Cole,26,wr,16,1,68.60%,361,15,3,19,55,1.5,22.6,0,ColeKe00,149.2
Austin Ekeler,24,rb,16,8,85.20%,993,10.8,8,42,84,5.8,62.1,3,EkelAu00,104.3
Larry Fitzgerald,36,WR,16,16,68.80%,804,10.7,4,40,54,4.7,50.3,1,FitzLa00,100.9
David Montgomery,22,rb,16,8,71.40%,185,7.4,1,7,30,1.6,11.6,2,MontDa01,107.8
DJ Chark*,23,WR,15,14,61.90%,1008,13.8,8,42,69,4.9,67.2,0,CharDJ00,153.6
Chase Edmonds,23,rb,13,2,57.10%,105,8.8,1,5,31,0.9,8.1,0,EdmoCh00,113.2
Will Fuller,25,WR,11,11,69.00%,670,13.7,3,26,54,4.5,60.9,1,FullWi01,188.9
Mike Gesicki,24,te,16,5,57.30%,570,11.2,5,25,34,3.2,35.6,1,GesiMi00,159.3
Greg Ward,24,wr,7,3,70.00%,254,9.1,1,18,38,4,36.3,0,WardGr02,126.9
Ezekiel Elliott*,24,RB,16,16,76.10%,420,7.8,2,21,27,3.4,26.3,3,ElliEz00,85.8
Josh Reynolds,24,wr,16,2,48.80%,326,15.5,1,15,31,1.3,20.4,0,ReynJo00,121.8
Robert Tonyan,25,te,11,1,66.70%,100,10,1,4,28,0.9,9.1,0,TonyRo00,176.6
Julio Jones*,30,WR,15,15,63.10%,1394,14.1,6,77,54,6.6,92.9,1,JoneJu02,146.1
Tim Patrick,26,wr,8,2,51.60%,218,13.6,0,14,38,2,27.3,0,PatrTi00,161.2
Jimmy Graham,33,TE,16,10,63.30%,447,11.8,3,23,48,2.4,27.9,1,GrahJi00,141.6
Darius Slayton,22,WR,14,9,57.10%,740,15.4,8,32,55,3.4,52.9,0,SlayDa01,141.1
Kendrick Bourne,24,wr,16,0,68.20%,358,11.9,5,23,30,1.9,22.4,0,BourKe00,127.7
Anthony Miller,25,WR,16,7,61.20%,656,12.6,2,34,35,3.3,41,1,MillAn02,105.5
James White,27,rb,15,1,75.80%,645,9,5,31,59,4.8,43,1,WhitJa02,90.5
Nelson Agholor,26,WR,11,10,56.50%,363,9.3,3,17,43,3.5,33,2,AghoNe00,185.6
Christian Kirk,23,WR,13,13,63.00%,709,10.4,3,31,69,5.2,54.5,0,KirkCh01,144.1
George Kittle*+,26,TE,14,14,79.40%,1053,12.4,5,53,61,6.1,75.2,1,KittGe00,123.4
Mike Williams,25,WR,15,15,54.40%,1001,20.4,2,41,56,3.3,66.7,0,WillMi07,153.6
Giovani Bernard,28,rb,16,2,69.80%,234,7.8,0,7,35,1.9,14.6,2,BernGi00,98.5
Damiere Byrd,26,wr,11,3,69.60%,359,11.2,1,16,58,2.9,32.6,1,ByrdDa00,107.4
Aaron Jones,25,RB,16,16,72.10%,474,9.7,3,18,67,3.1,29.6,3,JoneAa00,90.5
Danny Amendola,34,WR,15,10,63.90%,678,10.9,1,36,47,4.1,45.2,0,AmenDa00,106.2
Dallas Goedert,24,TE,15,9,66.70%,607,10.5,5,33,28,3.9,40.5,2,GoedDa00,116.4
Austin Hooper*,25,TE,13,10,77.30%,787,10.5,6,41,35,5.8,60.5,0,HoopAu00,113.5
Antonio Brown,31,wr,1,0,50.00%,56,14,1,3,20,4,56,0,BrowAn04,117.3
Demarcus Robinson,25,wr,16,10,58.20%,449,14,4,19,44,2,28.1,0,RobiDe01,105.6
Dalvin Cook*,24,RB,14,14,84.10%,519,9.8,0,26,31,3.8,37.1,4,CookDa01,76.1
Tyler Higbee,26,TE,15,15,77.50%,734,10.6,3,36,33,4.6,48.9,0,HigbTy00,126.1
Zach Pascal,25,WR,16,13,56.90%,607,14.8,5,29,37,2.6,37.9,0,PascZa00,136.9
Gerald Everett,25,te,13,2,61.70%,408,11,2,22,33,2.8,31.4,0,EverGe00,86.7
Myles Gaskin,22,rb,7,0,58.30%,51,7.3,0,2,20,1,7.3,0,GaskMy00,87.8
Mecole Hardman*,21,wr,16,5,63.40%,538,20.7,6,18,83,1.6,33.6,2,HardMe00,117
Jonnu Smith,24,TE,16,14,79.50%,439,12.5,3,16,57,2.2,27.4,0,SmitJo01,133.8
Chris Conley,27,WR,16,14,52.20%,775,16.5,5,36,70,2.9,48.4,0,ConlCh00,97.1
Drew Sample,23,te,9,2,83.30%,30,6,0,1,21,0.6,3.3,0,SampDr00,78.9
Michael Thomas*+,26,WR,16,15,80.50%,1725,11.6,9,91,49,9.3,107.8,1,ThomMi05,83.8
Anthony Firkser,24,fb,15,1,58.30%,204,14.6,1,9,39,0.9,13.6,0,FirkAn00,83.7
Randall Cobb,29,wr,15,6,66.30%,828,15.1,3,41,59,3.7,55.2,2,CobbRa00,100.1
Travis Fulgham,24,wr,3,0,0.00%,0,0,0,0,0,0,0,0,FulgTr00,115.9
Kareem Hunt,24,rb,8,3,84.10%,285,7.7,1,17,29,4.6,35.6,1,HuntKa00,94.4
Devin Singletary,22,RB,12,8,70.70%,194,6.7,2,5,49,2.4,16.2,4,SingDe00,62.9
Jordan Akins,27,TE,16,9,65.50%,418,11.6,2,21,53,2.3,26.1,0,AkinJo00,83.3
Braxton Berrios,24,wr,16,0,46.20%,115,19.2,0,3,69,0.4,7.2,1,BerrBr00,94.4
Chris Carson,25,RB,15,15,78.70%,266,7.2,2,10,21,2.5,17.7,7,CarsCh00,87.7
Jared Cook*,32,te,14,7,66.20%,705,16.4,9,32,61,3.1,50.4,0,CookJa02,127.4
Rashard Higgins,25,wr,10,1,36.40%,55,13.8,1,3,35,0.4,5.5,0,HiggRa00,114.9
Sammy Watkins,26,WR,14,13,57.80%,673,12.9,3,30,68,3.7,48.1,2,WatkSa00,89.1
Tyler Eifert,29,te,16,4,68.30%,436,10.1,3,24,27,2.7,27.3,0,EifeTy00,82.9
Zach Ertz*,29,TE,15,15,65.20%,916,10.4,6,50,30,5.9,61.1,1,ErtzZa00,75.5
Leonard Fournette,24,RB,15,15,76.00%,522,6.9,0,23,27,5.1,34.8,1,FourLe00,59.3
Jakeem Grant,27,wr,10,2,57.60%,164,8.6,0,9,18,1.9,16.4,2,GranJa00,75.3
James Conner,24,RB,10,10,89.50%,251,7.4,3,14,26,3.4,25.1,1,ConnJa00,52.5
David Moore,24,wr,14,1,50.00%,301,17.7,2,14,60,1.2,21.5,2,MoorDa03,110.7
Golden Tate,31,WR,11,10,57.60%,676,13.8,6,30,64,4.5,61.5,1,TateGo00,85.8
Tre'Quan Smith,23,WR,11,6,72.00%,234,13,5,17,32,1.6,21.3,0,SmitTr03,100.8
John Brown,29,WR,15,15,62.60%,1060,14.7,6,53,53,4.8,70.7,0,BrowJo02,96.8
Keke Coutee,22,wr,9,4,61.10%,254,11.5,0,10,51,2.4,28.2,1,CoutKe00,83
N'Keal Harry,22,wr,7,5,50.00%,105,8.8,2,7,18,1.7,15,0,HarrNK00,73.9
Josh Jacobs,21,RB,13,13,74.10%,166,8.3,0,8,28,1.5,12.8,1,JacoJo01,52.8
David Johnson,28,rb,13,9,76.60%,370,10.3,4,17,31,2.8,28.5,1,JohnDa08,72.4
Allen Lazard,24,wr,16,3,67.30%,477,13.6,3,24,43,2.2,29.8,0,LazaAl00,96.1
Scott Miller,22,wr,10,2,50.00%,200,15.4,1,5,48,1.3,20,0,MillSc01,101.1
Deebo Samuel,23,WR,15,11,70.40%,802,14.1,3,32,42,3.8,53.5,2,SamuDe00,78.1
Willie Snead,27,WR,16,11,67.40%,339,10.9,5,20,50,1.9,21.2,0,SneaWi00,92.2
Marquez Valdes-Scantling,25,WR,16,10,46.40%,452,17.4,2,14,74,1.6,28.3,0,ValdMa00,136
Melvin Gordon,26,RB,12,11,76.40%,296,7,1,11,25,3.5,24.7,4,GordMe00,45.8
Cam Sims,23,wr,7,1,66.70%,27,13.5,0,1,15,0.3,3.9,0,SimsCa00,83.7
Mo Alie-Cox,26,te,16,2,72.70%,93,11.6,0,5,21,0.5,5.8,0,AlieMo00,80.4
Dan Arnold,24,0,5,1,57.10%,127,15.9,2,6,37,1.6,25.4,0,ArnoDa00,94.8
Chris Herndon,23,te,1,0,50.00%,7,7,0,0,7,1,7,0,HernCh00,73.7
Jamaal Williams,24,rb,14,2,86.70%,253,6.5,5,16,17,2.8,18.1,0,WillJa06,60.6
Isaiah McKenzie,24,WR,15,8,69.20%,254,9.4,1,12,46,1.8,16.9,0,McKeIs00,88.2
Breshad Perriman,26,wr,14,4,52.20%,645,17.9,6,29,44,2.6,46.1,0,PerrBr02,98.5
Irv Smith Jr.,21,te,16,7,76.60%,311,8.6,2,17,29,2.3,19.4,1,SmitIr01,96.5
James Washington,23,WR,15,10,55.00%,735,16.7,3,31,79,2.9,49,1,WashJa00,99.2
Kalen Ballage,24,RB,12,6,58.30%,63,4.5,0,4,13,1.2,5.3,0,BallKa00,43.6
Cameron Brate,28,TE,16,6,65.50%,311,8.6,4,21,37,2.3,19.4,0,BratCa00,68.2
Trey Burton,28,te,8,5,58.30%,84,6,0,5,16,1.8,10.5,0,BurtTr01,71
Isaiah Ford,23,wr,8,0,65.70%,244,10.6,0,16,28,2.9,30.5,0,FordIs00,55.6
Jalen Guyton,22,wr,3,0,0.00%,0,0,0,0,0,0,0,0,GuytJa01,97.1
Duke Johnson,26,rb,16,2,71.00%,410,9.3,3,18,21,2.8,25.6,1,JohnDu00,52.9
Ronald Jones II,22,RB,16,9,77.50%,309,10,0,12,41,1.9,19.3,3,JoneRo01,46.5
James O'Shaughnessy,27,TE,5,5,70.00%,153,10.9,2,7,35,2.8,30.6,0,O'ShJa00,54.2
Tony Pollard,22,rb,15,0,75.00%,107,7.1,1,4,21,1,7.1,1,PollTo00,53.3
Kyle Rudolph,30,TE,16,16,81.30%,367,9.4,6,24,32,2.4,22.9,0,RudoKy00,65.4
Miles Sanders,22,RB,16,11,79.40%,509,10.2,3,19,45,3.1,31.8,2,SandMi01,39.7
Steven Sims,22,wr,16,2,60.70%,310,9.1,4,18,65,2.1,19.4,1,SimsSt00,51.5
Durham Smythe,24,TE,16,14,50.00%,65,9.3,0,2,24,0.4,4.1,0,SmytDu00,58.8
Rex Burkhead,29,rb,13,1,71.10%,279,10.3,0,10,32,2.1,21.5,1,BurkRe00,62.2
Kenyan Drake,25,0,14,10,73.50%,345,6.9,0,15,26,3.6,24.6,2,DrakKe00,32.7
Todd Gurley,25,RB,15,15,63.30%,207,6.7,2,8,23,2.1,13.8,3,GurlTo01,37.4
Brian Hill,24,rb,12,2,71.40%,69,6.9,1,4,12,0.8,5.8,0,HillBr02,40.9
Jacob Hollister,26,te,11,3,69.50%,349,8.5,3,16,22,3.7,31.7,0,HollJa03,63.9
Boston Scott,24,rb,11,2,92.30%,204,8.5,0,10,39,2.2,18.5,4,ScotBo02,48.2
Will Dissly,23,TE,6,6,85.20%,262,11.4,4,14,38,3.8,43.7,1,DissWi00,61.1
Dawson Knox,23,TE,15,11,56.00%,388,13.9,2,15,49,1.9,25.9,0,KnoxDa00,66.8
Greg Olsen,34,TE,14,14,63.40%,597,11.5,2,34,41,3.7,42.6,0,OlseGr00,53.9
Odell Beckham Jr.,27,WR,16,15,55.60%,1035,14,4,44,89,4.6,64.7,1,BeckOd00,72.9
Malcolm Brown,26,rb,14,1,33.30%,16,8,0,0,10,0.1,1.1,0,BrowMa03,37.2
Jack Doyle*,29,TE,16,16,59.70%,448,10.4,4,29,23,2.7,28,1,DoylJa00,64.1
DaeSean Hamilton,24,wr,16,2,53.80%,297,10.6,1,19,28,1.8,18.6,0,HamiDa01,62.3
Adam Humphries,26,wr,12,3,78.70%,374,10.1,2,20,30,3.1,31.2,1,HumpAd00,57.8
Richie James,24,wr,16,1,60.00%,165,27.5,1,5,57,0.4,10.3,1,JameRi00,64.4
Latavius Murray,29,rb,16,8,79.10%,235,6.9,1,9,30,2.1,14.7,0,MurrLa00,44.6
Julian Edelman,33,WR,16,13,65.40%,1117,11.2,6,54,44,6.3,69.8,3,EdelJu00,52.5
Darren Fells,33,TE,16,14,70.80%,341,10,7,22,24,2.1,21.3,0,FellDa01,76.2
Wayne Gallman,25,rb,10,2,73.30%,102,9.3,1,4,21,1.1,10.2,0,GallWa00,30.4
Andy Isabella,23,wr,15,1,69.20%,189,21,1,4,88,0.6,12.6,0,IsabAn00,53.4
Joe Mixon,23,RB,16,15,77.80%,287,8.2,3,14,33,2.2,17.9,0,MixoJo00,38.8
Cordarrelle Patterson*+,28,wr,16,4,64.70%,83,7.5,0,3,33,0.7,5.2,0,PattCo00,34.2
Chad Beebe,25,wr,3,0,100.00%,70,35,0,2,61,0.7,23.3,3,BeebCh00,48.1
Kenny Golladay*,26,WR,16,16,56.00%,1190,18.3,11,52,75,4.1,74.4,1,GollKe00,65.8
Deonte Harty*+,22,wr,14,1,100.00%,24,4,0,2,13,0.4,1.7,3,HarrDe07,38.6
Ian Thomas,23,te,16,3,53.30%,136,8.5,1,10,19,1,8.5,0,ThomIa00,38.5
Chris Thompson,29,rb,11,0,72.40%,378,9,0,16,39,3.8,34.4,1,ThomCh03,40.6
Olamide Zaccheaus,22,wr,10,0,60.00%,115,38.3,1,2,93,0.3,11.5,0,ZaccOl01,53.4
Miles Boykin,23,WR,16,11,59.10%,198,15.2,3,10,50,0.8,12.4,0,BoykMi00,69.6
Tyler Conklin,24,te,15,1,80.00%,58,7.3,0,2,20,0.5,3.9,0,ConkTy00,42.4
Ross Dwelley,24,te,16,6,68.20%,91,6.1,2,8,25,0.9,5.7,0,DwelRo00,49.5
Derrick Henry *,25,RB,15,15,75.00%,206,11.4,2,4,75,1.2,13.7,5,HenrDe00,24.4
Justin Jackson,23,rb,7,0,81.80%,22,2.4,0,0,9,1.3,3.1,0,JackJu01,36.3
Kerryon Johnson,22,RB,8,7,66.70%,127,12.7,1,7,36,1.3,15.9,1,JohnKe06,41.7
Kyle Juszczyk*,28,FB,12,12,83.30%,239,12,1,11,49,1.7,19.9,0,JuszKy00,61.2
Dion Lewis,29,rb,16,1,78.10%,164,6.6,1,7,24,1.6,10.3,1,LewiDi00,31.7
David Njoku,23,te,4,1,50.00%,41,8.2,1,3,18,1.3,10.3,0,NjokDa00,52.3
Jalen Richard,26,rb,16,0,83.70%,323,9,0,15,33,2.3,20.2,2,RichJa01,30.8
Marvin Hall,26,wr,9,0,63.60%,261,37.3,1,7,58,0.8,29,0,HallMa02,60.2
Dontrelle Inman,30,0,7,1,57.10%,181,15.1,0,9,28,1.7,25.9,0,InmaDo00,44.3
Kaden Smith,22,te,9,6,73.80%,268,8.6,3,12,32,3.4,29.8,2,SmitKa00,27.2
Darrel Williams,24,rb,12,0,78.90%,167,11.1,1,7,52,1.3,13.9,1,WillDa10,29.6
Preston Williams,22,WR,8,7,53.30%,428,13.4,3,24,35,4,53.5,2,WillPr01,70.8
Devontae Booker,27,rb,16,0,66.70%,57,9.5,0,1,25,0.4,3.6,0,BookDe00,23.4
Christian McCaffrey*+,23,RB,16,16,81.70%,1005,8.7,4,58,28,7.3,62.8,1,McCaCh01,37.9
Mohamed Sanu,30,0,15,12,66.30%,520,8.8,2,30,28,3.9,34.7,0,SanuMo00,41.7
Ito Smith,24,rb,7,0,78.60%,87,7.9,0,2,11,1.6,12.4,0,SmitIt00,22.5
Jeff Smith,22,wr,1,0,50.00%,12,12,0,1,12,1,12,0,SmitJe03,33.7
Cedrick Wilson Jr.,24,wr,6,0,62.50%,46,9.2,0,2,14,0.8,7.7,0,WilsCe01,47.9
Le'Veon Bell,27,RB,15,15,84.60%,461,7,1,20,23,4.4,30.7,1,BellLe00,27.8
Nick Chubb*,24,RB,16,16,73.50%,278,7.7,0,13,32,2.3,17.4,3,ChubNi00,29
Frank Gore,36,rb,16,8,81.30%,100,7.7,0,5,18,0.8,6.3,0,GoreFr00,22.9
Darrell Henderson,22,rb,13,0,66.70%,37,9.3,0,1,14,0.3,2.8,0,HendDa00,37.9
Mack Hollins,26,0,16,3,43.50%,125,12.5,0,7,20,0.6,7.8,0,HollMa00,37.6
Carlos Hyde,29,RB,16,14,62.50%,42,4.2,0,2,14,0.6,2.6,4,HydeCa00,23.3
Ty Johnson,22,rb,16,1,77.40%,109,4.5,0,4,13,1.5,6.8,1,JohnTy02,31.9
Raheem Mostert,27,rb,16,0,63.60%,180,12.9,2,6,39,0.9,11.3,2,MostRa00,35.6
KeeSean Johnson,23,wr,10,4,50.00%,187,8.9,1,10,31,2.1,18.7,1,JohnKe07,32.3
LeSean McCoy,31,RB,13,9,82.40%,181,6.5,1,6,23,2.2,13.9,3,McCoLe01,25.1
Vance McDonald,29,TE,14,14,69.10%,273,7.2,3,12,22,2.7,19.5,1,McDoVa00,24.9
Nick Boyle,26,TE,16,15,72.10%,321,10.4,2,13,35,1.9,20.1,0,BoylNi00,37.3
Pharaoh Brown,25,TE,9,6,66.70%,27,13.5,0,1,18,0.2,3,0,BrowPh01,42.3
Chris Hogan,32,wr,7,1,53.30%,67,8.4,0,3,13,1.1,9.6,0,HogaCh00,25.8
DeSean Jackson,33,wr,3,3,90.00%,159,17.7,2,6,53,3,53,0,JackDe00,43.6
Jesse James,25,TE,16,11,59.30%,142,8.9,0,8,23,1,8.9,0,JameJe00,38.9
Marcus Johnson,25,WR,8,6,51.50%,277,16.3,2,12,50,2.1,34.6,0,JohnMa07,39.5
Olabisi Johnson,22,0,16,6,68.90%,294,9.5,3,17,23,1.9,18.4,0,JohnOl00,32.9
Zay Jones,24,0,15,9,60.00%,216,8,0,10,23,1.8,14.4,0,JoneZa00,35.4
Auden Tate,22,WR,12,10,50.00%,575,14.4,1,29,33,3.3,47.9,1,TateAu00,29
Nick Vannett,26,0,16,7,77.30%,166,9.8,0,5,18,1.1,10.4,0,VannNi00,29.5
Jamal Agnew,24,db,13,0,50.00%,-2,-2,0,0,-2,0.1,-0.2,1,AgneJa00,17.9
Christian Blake,23,wr,9,3,45.80%,91,8.3,0,5,13,1.2,10.1,0,BlakCh00,27.1
Ryan Izzo,24,te,6,4,66.70%,114,19,1,4,41,1,19,0,IzzoRy00,30.9
Alexander Mattison,21,rb,13,0,83.30%,82,8.2,0,3,17,0.8,6.3,1,MattAl01,31.5
Byron Pringle,26,wr,16,0,75.00%,170,14.2,1,7,28,0.8,10.6,0,PrinBy00,35
Mike Thomas,25,wr,16,0,40.00%,14,7,0,1,9,0.1,0.9,0,ThomMi04,30.2
Jeff Wilson,24,rb,10,0,60.00%,34,11.3,1,1,25,0.3,3.4,0,WilsJe01,40.3
Jason Witten,37,TE,16,16,75.90%,529,8.4,4,27,33,3.9,33.1,1,WittJa00,31.9
Alex Erickson,27,wr,16,6,55.10%,529,12.3,0,26,52,2.7,33.1,4,EricAl01,21.9
Royce Freeman,23,rb,16,0,86.00%,256,6,1,10,19,2.7,16,0,FreeRo00,20.1
Alec Ingold,23,fb,16,4,100.00%,44,7.3,1,4,14,0.4,2.8,0,IngoAl01,29
Tyler Kroft,27,te,11,3,42.90%,71,11.8,1,5,20,0.5,6.5,0,KrofTy00,41.9
Adrian Peterson,34,RB,15,15,73.90%,142,8.4,0,7,22,1.1,9.5,3,PeteAd01,22.1
Adam Shaheen,25,te,8,2,69.20%,74,8.2,0,3,18,1.1,9.3,1,ShahAd00,45
Jace Sternberger,23,te,6,1,0.00%,0,0,0,0,0,0,0,0,SterJa00,29.4
Jordan Wilkins,25,rb,14,1,63.60%,43,6.1,0,1,11,0.5,3.1,0,WilkJo01,22.5
Blake Bell,28,TE,15,7,53.30%,67,8.4,0,3,30,0.5,4.5,0,BellBl00,22
C.J. Board,26,wr,4,0,50.00%,31,15.5,0,1,23,0.5,7.8,0,BoarC.00,21.1
Tyler Ervin,26,0,10,0,50.00%,11,5.5,0,1,6,0.2,1.1,2,ErviTy00,19.4
KhaDarel Hodge,24,wr,16,1,40.00%,76,19,0,3,41,0.3,4.8,0,HodgKh00,29
O.J. Howard,25,TE,14,14,64.20%,459,13.5,1,23,33,2.4,32.8,1,HowaO.00,37.6
Keith Smith,27,fb,16,5,33.30%,13,13,0,1,13,0.1,0.8,0,SmitKe03,16.9
Kenny Stills,27,wr,13,5,72.70%,561,14,4,27,45,3.1,43.2,0,StilKe00,31.4
Patrick Laird,24,rb,15,4,76.70%,204,8.9,0,13,21,1.5,13.6,0,LairPa00,14.8
Marcedes Lewis,35,TE,16,11,78.90%,156,10.4,1,8,25,0.9,9.8,0,LewiMa00,38.7
Dare Ogunbowale,25,rb,16,0,76.10%,286,8.2,0,14,21,2.2,17.9,2,OgunDa00,15.4
Benny Snell Jr.,21,rb,13,2,75.00%,23,7.7,0,0,14,0.2,1.8,1,SnelBe00,12.1
Matt Breida,24,rb,13,5,86.40%,120,6.3,1,6,17,1.5,9.2,2,BreiMa00,14.6
Gus Edwards,24,rb,16,1,100.00%,45,6.4,0,2,10,0.4,2.8,2,EdwaGu00,19.9
Ryan Griffin,29,TE,13,13,82.90%,320,9.4,5,19,45,2.6,24.6,0,GrifRy00,17.6
Travis Homer,21,rb,16,1,84.60%,56,5.1,0,3,11,0.7,3.5,0,HomeTr00,24
Devine Ozigbo,23,rb,10,0,60.00%,23,7.7,0,1,12,0.3,2.3,0,OzigDe01,13.2
Kalif Raymond,25,wr,8,1,75.00%,170,18.9,1,6,52,1.1,21.3,1,RaymKa00,27.7
Patrick Ricard*,25,FB,16,7,72.70%,47,5.9,1,3,10,0.5,2.9,0,RicaPa00,17.5
Jaylen Samuels,23,te,14,4,82.50%,305,6.5,1,19,27,3.4,21.8,1,SamuJa00,13.6
Geoff Swaim,26,te,6,2,76.50%,65,5,0,1,9,2.2,10.8,0,SwaiGe00,23.3
Ameer Abdullah,26,rb,16,0,71.40%,88,5.9,1,5,16,0.9,5.5,1,AbduAm00,25.8
Darrell Daniels,25,te,11,0,33.30%,4,4,0,1,4,0.1,0.4,0,DaniDa02,23.2
Troy Fumagalli,24,te,11,5,66.70%,38,6.3,1,1,9,0.5,3.5,0,FumaTr00,22
C.J. Ham*,26,FB,16,7,65.40%,149,8.8,1,6,36,1.1,9.3,1,HamxC.00,23.7
Josh Hill,29,TE,16,11,71.40%,226,9,3,13,29,1.6,14.1,0,HillJo02,16.6
Taysom Hill,29,wr,16,5,86.40%,234,12.3,6,14,45,1.2,14.6,0,HillTa00,3.8
Jakob Johnson,25,FB,4,3,50.00%,5,5,0,0,5,0.3,1.3,0,JohnJa12,15.5
Troymaine Pope,26,rb,14,0,66.70%,14,7,1,1,13,0.1,1,1,PopeTr00,12.2
C.J. Uzomah,26,TE,16,16,67.50%,242,9,2,12,36,1.7,15.1,0,UzomC.00,22.7
Maxx Williams,25,TE,16,10,78.90%,202,13.5,1,11,28,0.9,12.6,0,WillMa04,24.2
Devonta Freeman,27,RB,14,14,84.30%,410,6.9,4,17,28,4.2,29.3,3,FreeDe00,12.8
Demetrius Harris,28,TE,15,6,55.60%,149,9.9,3,10,23,1,9.9,0,HarrDe03,11.5
Phillip Lindsay,25,RB,16,16,72.90%,196,5.6,0,9,36,2.2,12.3,0,LindPh00,9.8
Sony Michel,24,RB,16,14,60.00%,94,7.8,0,7,19,0.8,5.9,2,MichSo00,24.4
Foster Moreau,22,TE,13,7,84.00%,174,8.3,5,14,23,1.6,13.4,0,MoreFo00,33
Luke Stocker,31,TE,15,9,57.10%,53,6.6,0,2,18,0.5,3.5,1,StocLu00,13.3
Darwin Thompson,22,rb,12,0,90.00%,43,4.8,0,2,19,0.8,3.6,0,ThomDa06,19.5
Justin Watson,23,wr,16,2,57.70%,159,10.6,2,10,17,0.9,9.9,0,WatsJu01,16.4
Deon Yelder,24,te,9,1,75.00%,50,16.7,0,2,24,0.3,5.6,0,YeldDe00,10.6
Saquon Barkley,22,RB,13,13,71.20%,438,8.4,2,14,65,4,33.7,1,BarkSa00,12
Parris Campbell,22,wr,7,3,75.00%,127,7.1,1,6,27,2.6,18.1,3,CampPa00,13.1
Tarik Cohen,24,RB,16,11,76.00%,456,5.8,3,18,31,4.9,28.5,3,CoheTa00,10.1
Mark Ingram*,30,RB,15,15,89.70%,247,9.5,5,16,25,1.7,16.5,2,IngrMa01,11
Alshon Jeffery,29,WR,10,10,58.90%,490,11.4,4,36,38,4.3,49,0,JeffAl00,23.5
Chris Manhertz,27,te,15,6,100.00%,11,11,0,1,11,0.1,0.7,0,ManhCh00,11.2
Laquon Treadwell,24,wr,13,1,56.30%,184,20.4,1,8,58,0.7,14.2,0,TreaLa00,22.9
Javon Wims,25,wr,16,6,46.20%,186,10.3,1,9,37,1.1,11.6,0,WimsJa00,16.8
Alex Armah,25,fb,16,1,100.00%,6,3,0,0,4,0.1,0.4,0,ArmaAl00,6.8
Tavon Austin,29,wr,14,0,54.20%,177,13.6,1,8,59,0.9,12.6,1,AustTa00,5
Cethan Carter,24,te,15,0,66.70%,13,6.5,1,2,8,0.1,0.9,0,CartCe00,10.3
Pharoh Cooper,24,0,13,1,75.80%,243,9.7,1,10,28,1.9,18.7,0,CoopPh00,10.3
Justice Hill,22,rb,16,0,53.30%,70,8.8,0,5,14,0.5,4.4,0,HillJu00,7
Steven Mitchell,25,wr,3,1,33.30%,37,18.5,0,2,21,0.7,12.3,0,MitcSt02,11
Gunner Olszewski,23,wr,8,0,50.00%,34,17,0,1,29,0.3,4.3,1,OlszGu00,15.2
C.J. Prosise,25,rb,9,0,83.30%,76,7.6,0,3,21,1.1,8.4,1,ProsC.00,10.8
MyCole Pruitt,27,TE,16,10,75.00%,90,15,1,4,42,0.4,5.6,0,PruiMy00,21.9
Darrius Shepherd,24,wr,6,0,50.00%,1,1,0,0,1,0.2,0.2,1,ShepDa00,7.6
Trent Sherfield,23,wr,16,1,30.80%,80,20,0,4,38,0.3,5,0,SherTr00,10
Levine Toilolo,28,te,13,0,100.00%,10,5,0,0,8,0.2,0.8,0,ToilLe00,9.6
DeAndre Washington,26,rb,16,3,87.80%,292,8.1,0,10,28,2.3,18.3,0,WashDe00,8
JJ Arcega-Whiteside,23,wr,16,5,45.50%,169,16.9,1,7,30,0.6,10.6,0,ArceJJ00,12.5
Peyton Barber,25,rb,16,7,66.70%,115,7.2,1,4,16,1,7.2,1,BarbPe01,5.2
Khari Blasingame,23,rb,6,3,80.00%,54,13.5,0,2,24,0.7,9,0,BlasKh00,7.9
Michael Burton,27,rb,10,2,0.00%,0,0,0,0,0,0,0,0,BurtMi00,6.8
Tevin Coleman,26,RB,14,11,70.00%,180,8.6,1,9,37,1.5,12.9,0,ColeTe01,7.4
Johnny Mundt,25,te,13,2,57.10%,26,6.5,0,1,9,0.3,2,0,MundJo00,9.3
Dante Pettis,24,wr,11,4,45.80%,109,9.9,2,7,21,1,9.9,0,PettDa00,15.6
Damion Ratley,24,wr,13,3,50.00%,200,16.7,1,11,46,0.9,15.4,0,RatlDa00,8.3
Riley Ridley,23,wr,5,0,85.70%,69,11.5,0,4,32,1.2,13.8,0,RidlRi00,7.9
Andre Roberts*,31,wr,13,0,42.90%,20,6.7,0,1,7,0.2,1.5,1,RobeAn00,1.4
Seth Roberts,28,wr,16,0,60.00%,271,12.9,2,18,33,1.3,16.9,0,RobeSe00,7.1
Lee Smith,32,wr,16,5,80.00%,31,7.8,1,2,9,0.3,1.9,0,SmitLe00,19.5
Jonathan Williams,25,rb,9,1,100.00%,59,11.8,0,3,31,0.6,6.6,0,WillJo07,4.1
Deontay Burnett,22,wr,1,1,50.00%,48,24,0,1,41,2,48,0,BurnDe00,4.9
Austin Carr,26,wr,6,3,25.00%,9,9,0,1,9,0.2,1.5,0,CarrAu00,11.7
Ashton Dulin,22,wr,13,0,100.00%,17,8.5,0,0,13,0.2,1.3,0,DuliAs00,6.3
Ted Ginn Jr.,34,WR,16,9,53.60%,421,14,2,20,45,1.9,26.3,0,GinnTe00,5
Jaeden Graham,24,te,16,0,90.00%,149,16.6,1,7,53,0.6,9.3,0,GrahJa01,5.5
Virgil Green,31,te,15,4,69.20%,78,8.7,1,4,15,0.6,5.2,0,GreeVi00,14
Tanner Hudson,25,te,9,1,40.00%,26,13,0,1,14,0.2,2.9,0,HudsTa00,7.1
Lil'Jordan Humphrey,21,wr,5,1,0.00%,0,0,0,0,0,0,0,0,HumpLi01,13.6
D'Ernest Johnson,23,rb,16,0,85.70%,71,11.8,0,1,27,0.4,4.4,0,JohnDE04,2.4
Marlon Mack,23,RB,14,12,82.40%,82,5.9,0,2,14,1,5.9,0,MackMa00,6
Ty Montgomery,26,wr,16,2,76.50%,90,6.9,0,3,21,0.8,5.6,0,MontTy01,5.7
Eric Saubert,25,te,2,0,66.70%,21,10.5,0,1,11,1,10.5,0,SaubEr00,4.6
Diontae Spencer,27,wr,16,2,75.00%,31,5.2,0,1,20,0.4,1.9,3,SpenDi00,1.6
Courtland Sutton*,24,WR,16,14,58.10%,1112,15.4,6,50,70,4.5,69.5,2,SuttCo00,9.6
Brandon Zylstra,26,wr,8,0,66.70%,106,13.3,0,5,40,1,13.3,1,ZylsBr00,6.5
Reggie Bonnafon,23,rb,16,0,66.70%,57,9.5,0,1,32,0.4,3.6,0,BonnRe00,9.8
Mike Boone,24,rb,16,2,75.00%,17,5.7,0,0,7,0.2,1.1,0,BoonMi00,3
Daniel Brown,27,wr,16,5,63.60%,72,10.3,1,4,24,0.4,4.5,0,BrowDa04,5.1
Antonio Callaway,22,wr,4,2,53.30%,89,11.1,0,3,41,2,22.3,0,CallAn00,4
Robert Foster,25,wr,13,2,16.70%,64,21.3,0,3,24,0.2,4.9,0,FostRo01,5.7
Bennie Fowler,28,wr,8,2,63.90%,193,8.4,0,12,17,2.9,24.1,0,FowlBe00,3.1
Andy Janovich,26,rb,7,3,100.00%,42,8.4,0,1,22,0.7,6,0,JanoAn00,3.3
Elijhaa Penny,26,rb,16,1,50.00%,9,4.5,0,0,9,0.1,0.6,0,PennEl00,4
John Ross,24,WR,8,8,50.00%,506,18.1,3,22,66,3.5,63.3,1,RossJo00,3.7
Nick Bellore,30,lb,14,1,100.00%,23,11.5,1,2,20,0.1,1.6,0,BellNi01,1.9
Stephen Carlson,23,te,9,5,71.40%,51,10.2,1,2,21,0.6,5.7,0,CarlSt00,2.1
Derek Carrier,29,te,16,4,68.40%,108,8.3,1,4,25,0.8,6.8,0,CarrDe00,2.4
DeAndre Carter,26,wr,16,3,78.60%,162,14.7,0,6,46,0.7,10.1,2,CartDe02,-2.2
Andy Dalton,32,QB,13,13,100.00%,-4,-4,0,0,-4,0.1,-0.3,8,DaltAn00,-3.3
Dontrell Hilliard,24,rb,14,0,80.00%,92,7.7,0,4,19,0.9,6.6,2,HillDo00,1.2
Cody Hollister,26,wr,5,0,100.00%,13,6.5,0,0,11,0.4,2.6,0,HollCo00,2.2
Jordan Howard,25,rb,10,4,71.40%,69,6.9,1,3,20,1,6.9,0,HowaJo00,-1.3
Blake Jarwin,25,TE,16,7,75.60%,365,11.8,3,17,42,1.9,22.8,1,JarwBl00,2.2
Jake Kumerow,27,wr,14,4,57.10%,219,18.3,1,8,49,0.9,15.6,0,KumeJa00,9.2
Donte Moncrief,26,0,8,2,26.70%,18,4.5,0,1,11,0.5,2.3,0,MoncDo00,2.5
Isaac Nauta,22,te,6,0,66.70%,13,6.5,0,1,10,0.3,2.2,0,NautIs00,1.3
Jaleel Scott,24,wr,3,0,33.30%,6,6,0,0,6,0.3,2,0,ScotJa02,2.6
Anthony Sherman,31,rb,16,0,66.70%,22,11,0,2,15,0.1,1.4,0,SherAn00,7.5
Vyncint Smith,23,wr,13,4,54.80%,225,13.2,0,11,37,1.3,17.3,1,SmitVy00,2.3
Jeremy Sprinkle,25,TE,16,13,65.00%,241,9.3,1,13,23,1.6,15.1,1,SpriJe00,1.6
Jordan Thomas,23,te,5,2,33.30%,8,8,0,0,8,0.2,1.6,0,ThomJo05,7.3
Trevon Wesco,24,0,16,1,66.70%,47,23.5,0,2,32,0.1,2.9,0,WescTr00,1.5
Dede Westbrook,26,WR,15,11,65.30%,660,10,3,31,39,4.4,44,1,WestDe00,-0.6
Luke Willson,29,te,8,7,80.00%,79,9.9,0,5,17,1,9.9,0,WillLu00,2.2
T.J. Yeldon,26,rb,6,0,86.70%,124,9.5,0,6,23,2.2,20.7,1,YeldT.00,7.2
Antony Auclair,26,te,8,5,33.30%,11,11,0,1,11,0.1,1.4,0,AuclAn00,0
Kenjon Barner,30,rb,14,0,75.00%,22,3.7,0,1,13,0.4,1.6,4,BarnKe00,0
Seth Devalve,26,te,12,6,66.70%,140,11.7,0,7,20,1,11.7,0,DevaSe00,0
Rico Gafford,23,db,4,1,100.00%,66,33,1,2,49,0.5,16.5,0,GaffRi00,0
Cyril Grayson,26,wr,2,0,100.00%,3,3,0,0,3,0.5,1.5,0,GrayCy01,0
J.P. Holtz,26,0,15,7,87.50%,91,13,0,4,30,0.5,6.1,0,HoltJ.01,0
Taiwan Jones,31,rb,11,0,100.00%,9,9,0,0,9,0.1,0.8,0,JoneTa00,0
Ricky Seals-Jones,24,wr,14,3,63.60%,229,16.4,4,10,59,1,16.4,1,SealRi00,0
Tajae Sharpe,25,WR,15,6,71.40%,329,13.2,4,20,47,1.7,21.9,0,SharTa00,0
Taywan Taylor,24,wr,3,1,0.00%,0,0,0,0,0,0,0,0,TaylTa00,0
Eric Tomlinson,27,0,8,3,100.00%,1,1,0,0,1,0.1,0.1,0,TomlEr01,0
Jason Moore,24,wr,10,0,40.00%,43,21.5,0,2,32,0.2,4.3,0,MoorJa02,
Ross Travis,26,lb,3,1,66.70%,51,12.8,0,1,25,1.3,17,1,TravRo00,
Ryan Grant,29,wr,2,1,44.40%,14,3.5,0,1,9,2,7,0,GranRy01,
Joshua Perkins,26,te,5,0,69.20%,87,9.7,1,5,24,1.8,17.4,0,PerkJo02,
Darren Sproles,36,rb,6,1,60.00%,24,4,0,1,7,1,4,1,SproDa00,
Damien Williams,27,rb,11,6,81.10%,213,7.1,2,10,32,2.7,19.4,1,WillDa05,
Zach Zenner,28,0,5,0,66.70%,19,9.5,0,2,13,0.4,3.8,0,ZennZa00,
Trey Quinn,24,wr,12,6,55.30%,198,7.6,1,10,19,2.2,16.5,1,QuinTr00,
Cody Davis,30,db,16,0,100.00%,7,7,0,1,7,0.1,0.4,0,DaviCo02,
Jeff Heuerman,27,TE,14,11,70.00%,114,8.1,1,9,26,1,8.1,0,HeueJe00,
Justin Hardy,28,wr,16,1,73.10%,195,10.3,0,9,23,1.2,12.2,0,HardJu00,
Jesper Horsted,22,wr,6,1,80.00%,87,10.9,1,4,20,1.3,14.5,1,HorsJe00,
Tyrod Taylor,30,qb,8,0,0.00%,0,0,0,0,0,0,0,0,TaylTy00,
Michael Walker,23,wr,7,0,66.70%,15,7.5,0,1,9,0.3,2.1,2,WalkMi00,
Clive Walford,28,te,7,3,50.00%,57,14.3,0,4,19,0.6,8.1,0,WalfCl00,
Ben Braunecker,25,te,11,3,54.50%,59,9.8,1,5,18,0.5,5.4,0,BrauBe00,
Josh Oliver,22,te,4,1,50.00%,15,5,0,0,6,0.8,3.8,0,OlivJo00,
Vita Vea,24,NT,16,16,100.00%,1,1,1,1,1,0.1,0.1,0,VeaxVi00,
Bobo Wilson,24,wr,6,1,27.30%,35,11.7,0,2,14,0.5,5.8,3,WilsJe00,
Ryquell Armstead,23,rb,16,1,58.30%,144,10.3,2,9,31,0.9,9,0,ArmsRy00,
Quincy Enunwa,27,wr,1,1,33.30%,-4,-4,0,0,8,1,-4,1,EnunQu00,
Darius Jennings,27,wr,8,0,40.00%,17,8.5,0,2,11,0.3,2.1,0,JennDa00,
Krishawn Hogan,24,wr,8,0,100.00%,4,4,0,0,4,0.1,0.5,0,HogaKr00,
Fred Brown,26,wr,13,1,66.70%,21,10.5,0,1,16,0.2,1.6,1,BrowFr01,
Ty Sambrailo,27,t,13,0,100.00%,35,35,1,1,35,0.1,2.7,0,SambTy00,
Patrick DiMarco,30,fb,16,4,71.40%,41,8.2,0,1,27,0.3,2.6,0,DiMaPa00,
Rhett Ellison,31,fb,10,7,64.30%,167,9.3,1,4,31,1.8,16.7,0,ElliRh00,
Alexander Hollins,23,wr,5,1,50.00%,46,23,0,2,35,0.4,9.2,0,HollAl00,
Travis Benjamin,30,wr,5,2,37.50%,30,5,0,3,13,1.2,6,0,BenjTr00,
Wendell Smallwood,25,rb,15,0,69.20%,64,7.1,0,4,18,0.6,4.3,0,SmalWe00,
Kelvin Harmon,23,WR,16,8,68.20%,365,12.2,0,16,30,1.9,22.8,0,HarmKe00,
Senorise Perry,28,rb,11,0,100.00%,1,1,0,0,1,0.1,0.1,0,PerrSe00,
Tevin Jones,27,wr,5,0,40.00%,61,15.3,0,1,28,0.8,12.2,0,JoneTe02,
Dennis Kelly,29,t,15,4,100.00%,1,1,1,1,1,0.1,0.1,0,KellDe00,
Danny Vitale,26,rb,15,4,58.30%,97,13.9,0,3,27,0.5,6.5,0,VitaDa00,
Ishmael Hyman,24,wr,2,1,50.00%,34,17,0,2,31,1,17,0,HymaIs00,
Damion Willis,22,wr,10,2,56.30%,82,9.1,0,3,17,0.9,8.2,0,WillDa11,
Jacoby Brissett,27,QB,15,15,100.00%,2,2,0,0,2,0.1,0.1,7,BrisJa00,
Wes Hills,24,rb,1,1,100.00%,1,0.5,0,0,2,2,1,0,HillWe00,
Jarius Wright,30,WR,16,9,48.30%,296,10.6,0,16,33,1.8,18.5,0,WrigJa02,
Taylor Gabriel,28,WR,9,7,60.40%,353,12.2,4,17,53,3.2,39.2,0,GabrTa00,
Dion Dawkins,25,LT,16,16,100.00%,1,1,1,1,1,0.1,0.1,0,DawkDi00,
Jon Hilliman,24,rb,3,1,75.00%,1,0.3,0,0,5,1,0.3,2,HillJo03,
John Ursua,25,wr,3,0,100.00%,11,11,0,1,11,0.3,3.7,0,UrsuJo00,
David Quessenberry,29,t,4,0,100.00%,1,1,1,1,1,0.3,0.3,0,QuesDa00,
Zach Gentry,23,te,4,0,100.00%,4,4,0,1,4,0.3,1,0,GentZa00,
Elandon Roberts,25,lb,16,3,100.00%,38,38,1,1,38,0.1,2.4,0,RobeEl00,
Deshaun Watson*,24,QB,15,15,100.00%,6,6,1,1,6,0.1,0.4,10,WatsDe00,
Zach Line,29,rb,12,2,60.00%,36,6,0,1,12,0.5,3,0,LineZa01,
Josh Bellamy,30,wr,7,0,66.70%,20,10,0,1,15,0.3,2.9,0,BellJo02,
Kevin Byard,26,FS,16,16,100.00%,11,11,0,1,11,0.1,0.7,0,ByarKe01,
Kaleb McGary,24,RT,16,16,100.00%,-3,-3,0,0,-3,0.1,-0.2,0,McGaKa00,
Deon Cain,23,0,13,6,45.00%,124,13.8,0,7,35,0.7,9.5,0,CainDe00,
Cody Latimer,27,wr,15,10,57.10%,300,12.5,2,19,43,1.6,20,0,LatiCo00,
Codey McElroy,27,te,1,0,100.00%,30,30,0,1,30,1,30,0,McElCo00,
Bo Scarbrough,25,rb,6,5,25.00%,5,5,0,0,5,0.2,0.8,1,ScarBo01,
Marquise Goodwin,29,wr,9,6,57.10%,186,15.5,1,10,38,1.3,20.7,0,GoodMa00,
Javorius Allen,28,rb,10,0,50.00%,9,9,0,0,9,0.1,0.9,0,AlleJa01,
Chris Lacy,23,wr,7,2,30.00%,60,20,0,2,48,0.4,8.6,0,LacyCh00,
Robert Davis,24,0,6,3,40.00%,17,8.5,0,2,11,0.3,2.8,0,DaviRo00,
Wyatt Teller,25,RG,15,9,100.00%,-5,-5,0,0,-5,0.1,-0.3,0,TellWy00,
Nick Scott,24,db,16,0,100.00%,23,23,0,1,23,0.1,1.4,0,ScotNi01,
Charles Jones,23,te,4,0,100.00%,5,5,0,0,5,0.3,1.3,0,JoneCh10,
Duke Williams,27,0,4,3,63.20%,166,13.8,1,8,41,3,41.5,0,WillDu01,
Hale Hentges,23,te,11,4,57.10%,103,12.9,1,6,24,0.7,9.4,0,HentHa00,
Jaron Brown,29,WR,14,4,57.10%,220,13.8,2,10,48,1.1,15.7,1,BrowJa03,
Dalyn Dawkins,25,rb,2,0,0.00%,0,0,0,0,0,0,0,0,DawkDa01,
Qadree Ollison,23,rb,8,0,50.00%,7,7,0,1,7,0.1,0.9,1,OlliQa00,
Russell Shepard,29,wr,3,0,37.50%,25,8.3,0,1,12,1,8.3,0,ShepRu00,
Vernon Davis,35,te,4,1,52.60%,123,12.3,1,4,48,2.5,30.8,0,DaviVe00,
Ryan Switzer,25,wr,9,0,72.70%,27,3.4,0,2,8,0.9,3,1,SwitRy00,
Jamize Olawale,30,fb,16,5,0.00%,0,0,0,0,0,0,0,0,OlawJa00,
Nick Bawden,23,rb,10,2,66.70%,17,4.3,0,1,10,0.4,1.7,0,BawdNi00,
Roosevelt Nix,27,rb,3,0,66.70%,4,2,0,0,4,0.7,1.3,0,NixxRo01,
Devin Smith,27,wr,4,2,55.60%,113,22.6,1,4,51,1.3,28.3,0,SmitDe04,
Mark Walton,22,rb,7,4,71.40%,89,5.9,0,3,18,2.1,12.7,1,WaltMa00,
T.J. Jones,27,wr,3,0,75.00%,38,12.7,1,2,28,1,12.7,3,JoneT.00,
Trevor Davis,26,0,14,4,72.70%,111,13.9,0,4,28,0.6,7.9,3,DaviTr03,
Charles Clay,30,TE,15,10,75.00%,237,13.2,1,12,47,1.2,15.8,0,ClayCh00,
Ricky Ortiz,25,fb,1,0,100.00%,8,8,0,0,8,1,8,0,OrtiRi00,
Marqise Lee,28,wr,6,1,75.00%,18,6,0,2,8,0.5,3,0,LeexMa00,
Geremy Davis,27,wr,7,1,100.00%,38,12.7,0,1,19,0.4,5.4,0,DaviGe00,
George Fant,27,t,16,7,0.00%,0,0,0,0,0,0,0,0,FantGe00,
Johnny Holton,29,wr,16,3,20.00%,21,7,0,1,18,0.2,1.3,0,HoltJo00,
JJ Nelson,27,wr,2,1,80.00%,36,9,1,1,29,2,18,0,NelsJJ00,
Michael Crabtree,32,wr,2,1,80.00%,22,5.5,0,0,9,2,11,0,CrabMi00,
T.J. Logan,25,fb,12,0,66.70%,13,6.5,0,1,11,0.2,1.1,0,LogaT.00,
Kirk Cousins*,31,QB,15,15,0.00%,0,0,0,0,0,0,0,10,CousKi00,
Ventell Bryant,23,wr,12,0,100.00%,15,15,1,1,15,0.1,1.3,0,BryaVe00,
Delanie Walker,35,te,7,4,67.70%,215,10.2,2,11,29,3,30.7,1,WalkHu00,
Justin Hardee,25,wr,16,0,0.00%,0,0,0,0,0,0,0,0,HardJu01,
Bilal Powell,31,rb,13,1,58.30%,33,4.7,0,0,9,0.5,2.5,0,PoweBi00,
Scott Simonson,27,te,5,1,100.00%,11,5.5,0,1,10,0.4,2.2,0,SimoSc00,
Trey Edmunds,25,te,11,0,85.70%,48,8,0,2,11,0.5,4.4,0,EdmuTr00,
Rashaad Penny,23,rb,10,0,72.70%,83,10.4,1,3,30,0.8,8.3,1,PennRa00,
Albert Wilson,27,wr,13,4,69.40%,351,8.2,1,22,35,3.3,27,0,WilsAl02,
Jason Sanders,24,k,16,0,100.00%,1,1,1,1,1,0.1,0.1,0,SandJa00,
Allen Hurns,28,WR,14,7,68.10%,416,13,2,18,27,2.3,29.7,1,HurnAl01,
Dane Cruikshank,24,db,16,0,0.00%,0,0,0,0,0,0,0,0,CruiDa00,
Paul Perkins,25,rb,4,0,100.00%,9,9,0,0,9,0.3,2.3,0,PerkPa00,
Dwayne Washington,25,rb,16,0,100.00%,6,6,0,0,6,0.1,0.4,0,WashDw00,
Spencer Ware,28,rb,3,1,71.40%,22,4.4,0,1,18,1.7,7.3,1,WareSp00,
Jeff Driskel,26,qb,3,3,100.00%,6,6,0,0,6,0.3,2,1,DrisJe00,
Derek Watt,27,rb,16,2,60.00%,32,10.7,0,1,21,0.2,2,0,WattDe00,
Josh Gordon,28,0,11,7,57.40%,426,15.8,1,16,58,2.5,38.7,0,GordJo02,
Brandon Bolden,29,rb,15,2,81.80%,111,12.3,1,6,29,0.6,7.4,0,BoldBr00,
Da'Mari Scott,24,wr,5,2,66.70%,22,11,0,2,11,0.4,4.4,0,ScotDa02,
Phillip Dorsett,26,wr,14,4,53.70%,397,13.7,5,17,58,2.1,28.4,0,DorsPh00,
Devin Funchess,25,wr,1,1,60.00%,32,10.7,0,2,16,3,32,0,FuncDe00,
David Blough,24,qb,5,5,100.00%,19,19,1,1,19,0.2,3.8,1,BlouDa00,
Jay Ajayi,26,rb,3,0,0.00%,0,0,0,0,0,0,0,0,AjayJa00,
Paul Richardson,27,WR,10,6,66.70%,245,8.8,2,13,22,2.8,24.5,0,RichPa01,
Rashard Davis,24,wr,1,0,100.00%,16,16,0,1,16,1,16,0,DaviRa01,
Derrius Guice,22,rb,5,1,77.80%,79,11.3,1,2,45,1.4,15.8,0,GuicDe00,
Michael Deiter,23,LG,16,15,100.00%,0,0,0,0,0,0.1,0,0,DeitMi00,
Stanley Morgan Jr.,23,wr,11,0,30.00%,18,6,0,0,9,0.3,1.6,0,MorgSt02,
Chris Moore,26,wr,14,1,60.00%,21,7,0,0,13,0.2,1.5,0,MoorCh00,
Garrett Bradbury,24,C,16,16,100.00%,-4,-4,0,0,-4,0.1,-0.3,0,BradGa00,
Tyrone Swoopes,25,te,5,2,100.00%,5,5,0,0,5,0.2,1,0,SwooTy00,
Chester Rogers,25,wr,12,6,57.10%,179,11.2,2,11,27,1.3,14.9,2,RogeCh02,
Nick O'Leary,27,0,12,5,72.20%,109,8.4,1,4,19,1.1,9.1,1,OLeaNi00,
DeAndrew White,28,wr,10,0,44.40%,51,12.8,0,3,18,0.4,5.1,0,WhitDe01,
Ben Watson,39,te,10,8,70.80%,173,10.2,0,9,26,1.7,17.3,0,WatsBe00,
Ben Koyack,26,te,11,6,33.30%,9,9,0,0,9,0.1,0.8,0,KoyaBe00,
De'Anthony Thomas,26,0,14,0,50.00%,6,6,0,0,6,0.1,0.4,3,ThomDe05,
Cody Core,25,wr,16,0,60.00%,28,9.3,0,2,11,0.2,1.8,0,CoreCo00,
Kerrith Whyte Jr,23,rb,6,0,100.00%,9,9,0,1,9,0.2,1.5,0,WhytKe00,
Dwayne Harris,32,wr,3,0,100.00%,7,7,0,0,7,0.3,2.3,0,HarrDw00,
Xavier Grimble,27,te,3,1,33.30%,3,3,0,0,3,0.3,1,0,GrimXa00,
Sean Culkin,26,te,4,2,50.00%,12,12,0,1,12,0.3,3,0,CulkSe00,
Malik Turner,23,wr,15,3,68.20%,245,16.3,1,10,33,1,16.3,0,TurnMa00,
Chad Williams,25,wr,1,0,0.00%,0,0,0,0,0,0,0,0,WillCh05,
Demaryius Thomas,32,WR,11,10,62.10%,433,12,1,22,47,3.3,39.4,0,ThomDe03,
Matt LaCosse,27,TE,11,8,68.40%,131,10.1,1,6,24,1.2,11.9,0,LaCoMa00,
Tra Carson,27,0,3,1,100.00%,18,4.5,0,0,8,1.3,6,0,CarsTr01,
Lance Kendricks,31,te,12,1,42.90%,50,16.7,0,3,24,0.3,4.2,0,KendLa00,
Marcell Ateman,25,wr,11,0,50.00%,116,23.2,0,4,36,0.5,10.5,1,AtemMa00,
Geronimo Allison,25,wr,16,6,61.80%,287,8.4,2,16,31,2.1,17.9,2,AlliGe01,
Andre Patton,25,WR,13,5,35.30%,56,9.3,0,4,15,0.5,4.3,0,PattAn00,
Tyrell Williams,27,WR,14,12,65.60%,651,15.5,6,33,46,3,46.5,0,WillTy00,
Tommy Sweeney,24,te,6,1,61.50%,114,14.3,0,4,29,1.3,19,0,SweeTo00,
Christian Wilkins,24,RDE,16,14,100.00%,1,1,1,1,1,0.1,0.1,1,WilkCh00,
Keelan Doss,23,wr,8,2,78.60%,133,12.1,0,6,31,1.4,16.6,0,DossKe00,
Deon Lacey,29,lb,16,0,0.00%,0,0,0,0,0,0,0,0,LaceDe00,
Jordan Matthews,27,0,3,1,33.30%,33,8.3,0,1,10,1.3,11,0,MattJo00,
David Long,21,db,8,0,0.00%,0,0,0,0,0,0,0,0,LongDa02,
Andrew Beck,23,te,16,6,75.00%,90,10,1,6,29,0.6,5.6,0,BeckAn01,
