,Player,Age,Pos,G,GS,Ctch%,Yds,Y/R,TD,1D,Lng,R/G,Y/G,Fmb,Player-additional,points
0,Stefon Diggs*+,27,WR,16,15,76.50%,1535,12.1,8,73,55,7.9,95.9,0.0,DiggSt00,328.5
1,Davante Adams*+,28,WR,14,14,77.20%,1374,11.9,18,73,56,8.2,98.1,1.0,AdamDa01,358.4
2,DeAndre Hopkins*,28,WR,16,16,71.90%,1407,12.2,6,75,60,7.2,87.9,3.0,HopkDe00,285.7
3,Darren Waller*,28,TE,16,15,73.80%,1196,11.2,9,69,38,6.7,74.8,2.0,WallDa01,276.6
4,Travis Kelce*+,31,TE,15,15,72.40%,1416,13.5,11,79,45,7.0,94.4,1.0,KelcTr00,310.6
5,Allen Robinson,27,WR,16,16,67.50%,1250,12.3,6,68,42,6.4,78.1,0.0,RobiAl02,263.0
6,Keenan Allen*,28,WR,14,13,68.00%,992,9.9,8,61,28,7.1,70.9,3.0,AlleKe00,241.2
7,Tyler Lockett,28,WR,16,16,75.80%,1054,10.5,10,57,47,6.3,65.9,1.0,LockTy00,263.4
8,JuJu Smith-Schuster,24,WR,16,14,75.80%,831,8.6,9,48,31,6.1,51.9,3.0,SmitJu00,228.1
9,Robbie Anderson,27,WR,16,16,69.90%,1096,11.5,3,49,75,5.9,68.5,1.0,AndeRo04,220.6
10,Amari Cooper,26,WR,16,15,70.80%,1114,12.1,5,54,69,5.8,69.6,0.0,CoopAm00,233.4
11,Cooper Kupp,27,WR,15,12,74.20%,974,10.6,3,45,55,6.1,64.9,1.0,KuppCo00,205.4
12,Calvin Ridley,26,WR,15,15,62.90%,1374,15.3,9,65,63,6.0,91.6,1.0,RidlCa00,279.4
13,Robert Woods,28,WR,16,16,69.80%,936,10.4,6,46,56,5.6,58.5,2.0,WoodRo02,215.6
14,Justin Jefferson*,21,WR,16,14,70.40%,1400,15.9,7,58,71,5.5,87.5,1.0,JeffJu00,268.0
15,Diontae Johnson,24,WR,15,13,61.10%,923,10.5,7,45,47,5.9,61.5,2.0,JohnDi01,218.3
16,Tyreek Hill*+,26,WR,15,15,64.40%,1276,14.7,15,57,75,5.8,85.1,1.0,HillTy00,302.6
17,Terry McLaurin,25,WR,15,15,64.90%,1118,12.9,4,51,68,5.8,74.5,1.0,McLaTe00,220.8
18,Alvin Kamara*,25,RB,15,10,77.60%,756,9.1,5,35,52,5.5,50.4,1.0,KamaAl00,186.6
19,D.K. Metcalf*,23,WR,16,16,64.30%,1303,15.7,10,63,62,5.2,81.4,1.0,MetcDK00,271.3
20,Cole Beasley,31,wr,15,10,76.60%,967,11.8,4,53,35,5.5,64.5,0.0,BeasCo00,202.7
21,Brandin Cooks,27,WR,15,15,68.10%,1150,14.2,6,51,57,5.4,76.7,0.0,CookBr00,232.0
22,J.D. McKissic,27,rb,16,7,72.70%,589,7.4,2,32,29,5.0,36.8,3.0,McKiJ.00,144.9
23,Tyler Boyd,26,wr,15,8,71.80%,841,10.6,4,43,72,5.3,56.1,1.0,BoydTy00,185.1
24,Curtis Samuel,24,WR,15,5,79.40%,851,11.1,3,39,44,5.1,56.7,1.0,SamuCu00,178.1
25,Marvin Jones,30,WR,16,16,66.10%,978,12.9,9,52,43,4.8,61.1,0.0,JoneMa02,227.8
26,CeeDee Lamb,21,WR,16,14,66.70%,935,12.6,5,46,52,4.6,58.4,2.0,LambCe00,193.5
27,Adam Thielen,30,WR,15,15,68.50%,925,12.5,14,52,51,4.9,61.7,0.0,ThieAd00,250.5
28,Russell Gage,24,wr,16,8,66.10%,786,10.9,4,50,35,4.5,49.1,0.0,GageRu00,174.6
29,Jarvis Landry,28,WR,15,14,71.30%,840,11.7,3,46,32,4.8,56.0,2.0,LandJa00,170.0
30,Logan Thomas,29,TE,16,15,65.50%,670,9.3,6,36,30,4.5,41.9,0.0,ThomLo00,175.0
31,A.J. Brown*,23,WR,14,12,66.00%,1075,15.4,11,55,73,5.0,76.8,2.0,BrowAJ00,239.5
32,Mike Evans,27,WR,16,16,64.20%,1006,14.4,13,55,50,4.4,62.9,0.0,EvanMi00,248.6
33,Tee Higgins,21,WR,16,14,62.00%,908,13.6,6,52,67,4.2,56.8,1.0,HiggTe00,191.8
34,T.J. Hockenson*,23,TE,16,16,66.30%,723,10.8,6,40,51,4.2,45.2,1.0,HockTJ00,173.3
35,D.J. Moore,23,WR,15,14,55.90%,1193,18.1,4,53,74,4.4,79.5,0.0,MoorD.00,209.3
36,Sterling Shepard,27,WR,12,12,73.30%,656,9.9,3,37,29,5.5,54.7,0.0,ShepSt00,149.6
37,Corey Davis,25,WR,14,12,70.70%,984,15.1,5,49,75,4.6,70.3,1.0,DaviCo03,191.4
38,Chris Godwin,24,WR,12,12,77.40%,840,12.9,7,43,47,5.4,70.0,1.0,GodwCh00,189.0
39,Evan Engram*,26,TE,16,14,57.80%,654,10.4,1,32,53,3.9,40.9,1.0,EngrEv00,132.4
40,Nyheim Hines,24,rb,16,2,82.90%,482,7.7,4,24,29,3.9,30.1,0.0,HineNy00,135.2
41,DeVante Parker,27,WR,14,11,61.20%,793,12.6,4,45,31,4.5,56.6,1.0,ParkDe01,164.3
42,Dalton Schultz,24,TE,16,14,70.80%,615,9.8,4,33,28,3.9,38.4,1.0,SchuDa00,146.5
43,Chase Claypool,22,wr,16,6,56.90%,873,14.1,9,41,84,3.9,54.6,3.0,ClayCh01,197.3
44,Noah Fant,23,TE,15,14,66.70%,673,10.9,3,34,37,4.1,44.9,0.0,FantNo00,147.3
45,Darnell Mooney,23,wr,16,9,62.20%,631,10.3,4,33,53,3.8,39.4,1.0,MoonDa00,146.1
46,Emmanuel Sanders,33,WR,14,5,74.40%,726,11.9,5,33,51,4.4,51.9,1.0,SandEm00,161.6
47,Brandon Aiyuk,22,WR,12,11,62.50%,748,12.5,5,42,49,5.0,62.3,0.0,AiyuBr00,164.8
48,Hunter Henry,26,TE,14,14,64.50%,613,10.2,4,35,33,4.3,43.8,0.0,HenrHu00,145.3
49,Jamison Crowder,27,WR,12,7,66.30%,699,11.8,6,32,69,4.9,58.3,0.0,CrowJa00,164.9
50,Mike Davis,27,RB,15,12,84.30%,373,6.3,2,17,23,3.9,24.9,1.0,DaviMi01,106.3
51,Michael Gallup,24,WR,16,15,56.20%,843,14.3,5,44,55,3.7,52.7,0.0,GallMi00,173.3
52,Jakobi Meyers,24,wr,14,9,72.80%,729,12.4,0,37,35,4.2,52.1,1.0,MeyeJa01,129.9
53,Mark Andrews,25,te,14,2,65.90%,701,12.1,7,37,39,4.1,50.1,2.0,AndrMa00,166.1
54,Marquise Brown,23,WR,16,14,58.00%,769,13.3,8,35,70,3.6,48.1,0.0,BrowMa04,182.9
55,Laviska Shenault Jr.,22,WR,14,12,73.40%,600,10.3,5,33,36,4.1,42.9,0.0,ShenLa00,148.0
56,Eric Ebron,27,te,15,9,61.50%,558,10.0,5,30,27,3.7,37.2,1.0,EbroEr00,139.8
57,T.Y. Hilton,31,WR,15,15,60.20%,762,13.6,5,42,50,3.7,50.8,0.0,HiltT.00,162.2
58,Hayden Hurst,27,te,16,9,63.60%,571,10.2,6,35,42,3.5,35.7,0.0,HursHa00,149.1
59,Hunter Renfrow,25,wr,16,6,72.70%,656,11.7,2,32,53,3.5,41.0,2.0,RenfHu00,129.6
60,Keelan Cole,27,wr,16,5,62.50%,642,11.7,5,34,51,3.4,40.1,0.0,ColeKe00,149.2
61,Austin Ekeler,25,RB,10,10,83.10%,403,7.5,2,20,28,5.4,40.3,1.0,EkelAu00,104.3
62,Larry Fitzgerald,37,WR,13,13,75.00%,409,7.6,1,25,18,4.2,31.5,0.0,FitzLa00,100.9
63,David Montgomery,23,RB,15,14,79.40%,438,8.1,2,25,28,3.6,29.2,1.0,MontDa01,107.8
64,DJ Chark,24,WR,13,12,57.00%,706,13.3,5,37,73,4.1,54.3,0.0,CharDJ00,153.6
65,Chase Edmonds,24,rb,16,2,79.10%,402,7.6,4,21,30,3.3,25.1,2.0,EdmoCh00,113.2
66,Will Fuller,26,WR,11,11,70.70%,879,16.6,8,38,77,4.8,79.9,0.0,FullWi01,188.9
67,Mike Gesicki,25,TE,15,9,62.40%,703,13.3,6,36,70,3.5,46.9,0.0,GesiMi00,159.3
68,Greg Ward,25,wr,16,10,67.10%,419,7.9,6,24,32,3.3,26.2,2.0,WardGr02,126.9
69,Ezekiel Elliott,25,RB,15,15,73.20%,338,6.5,2,20,19,3.5,22.5,6.0,ElliEz00,85.8
70,Jerry Jeudy,21,WR,16,14,46.00%,856,16.5,3,39,92,3.3,53.5,2.0,JeudJe00,151.6
71,Josh Reynolds,25,WR,16,13,64.20%,618,11.9,2,31,40,3.3,38.6,2.0,ReynJo00,121.8
72,Robert Tonyan,26,TE,16,8,88.10%,586,11.3,11,33,45,3.3,36.6,0.0,TonyRo00,176.6
73,Julio Jones,31,WR,9,9,75.00%,771,15.1,3,36,44,5.7,85.7,0.0,JoneJu02,146.1
74,Tim Patrick,27,WR,15,15,64.60%,742,14.5,6,33,61,3.4,49.5,0.0,PatrTi00,161.2
75,Jimmy Graham,34,TE,16,15,65.80%,456,9.1,8,32,30,3.1,28.5,1.0,GrahJi00,141.6
76,Darius Slayton,23,WR,16,15,52.10%,751,15.0,3,40,41,3.1,46.9,1.0,SlayDa01,141.1
77,Kendrick Bourne,25,wr,15,5,66.20%,667,13.6,2,35,49,3.3,44.5,0.0,BourKe00,127.7
78,Anthony Miller,26,WR,16,6,64.50%,485,9.9,2,23,34,3.1,30.3,2.0,MillAn02,105.5
79,James Robinson,22,RB,14,14,81.70%,344,7.0,3,15,28,3.5,24.6,3.0,RobiJa00,95.4
80,James White,28,rb,14,0,79.00%,375,7.7,1,20,34,3.5,26.8,1.0,WhitJa02,90.5
81,Nelson Agholor,27,WR,16,13,58.50%,896,18.7,8,37,85,3.0,56.0,0.0,AghoNe00,185.6
82,Christian Kirk,24,WR,14,10,60.80%,621,12.9,6,30,80,3.4,44.4,1.0,KirkCh01,144.1
83,George Kittle,27,TE,8,8,76.20%,634,13.2,2,32,44,6.0,79.3,0.0,KittGe00,123.4
84,Mike Williams,26,WR,15,11,56.50%,756,15.8,5,35,64,3.2,50.4,0.0,WillMi07,153.6
85,Giovani Bernard,29,RB,16,10,79.70%,355,7.6,3,15,42,2.9,22.2,1.0,BernGi00,98.5
86,Damiere Byrd,27,WR,16,14,61.00%,604,12.9,1,29,42,2.9,37.8,3.0,ByrdDa00,107.4
87,A.J. Green,32,WR,16,14,45.20%,523,11.1,2,34,33,2.9,32.7,0.0,GreeA.00,111.3
88,Aaron Jones*,26,RB,14,14,74.60%,355,7.6,2,15,30,3.4,25.4,2.0,JoneAa00,90.5
89,Danny Amendola,35,wr,14,5,66.70%,602,13.1,0,30,50,3.3,43.0,0.0,AmenDa00,106.2
90,Dallas Goedert,25,TE,11,9,70.80%,524,11.4,3,28,41,4.2,47.6,0.0,GoedDa00,116.4
91,Austin Hooper,26,TE,13,13,65.70%,435,9.5,4,27,36,3.5,33.5,0.0,HoopAu00,113.5
92,D'Andre Swift,21,rb,13,4,80.70%,357,7.8,2,15,26,3.5,27.5,3.0,SwifDA00,87.7
93,Antonio Brown,32,wr,8,4,72.60%,483,10.7,4,27,46,5.6,60.4,0.0,BrowAn04,117.3
94,Rob Gronkowski,31,TE,16,16,58.40%,623,13.8,7,29,48,2.8,38.9,1.0,GronRo00,147.3
95,Demarcus Robinson,26,WR,16,9,76.30%,466,10.4,3,26,28,2.8,29.1,2.0,RobiDe01,105.6
96,Dalvin Cook*,25,RB,14,14,81.50%,361,8.2,1,17,50,3.1,25.8,5.0,CookDa01,76.1
97,Tyler Higbee,27,TE,15,15,73.30%,521,11.8,5,27,44,2.9,34.7,0.0,HigbTy00,126.1
98,Zach Pascal,26,WR,16,14,62.00%,629,14.3,5,29,42,2.8,39.3,0.0,PascZa00,136.9
99,Gerald Everett,26,te,16,7,66.10%,417,10.2,1,24,40,2.6,26.1,1.0,EverGe00,86.7
100,Myles Gaskin,23,RB,10,7,87.20%,388,9.5,2,12,59,4.1,38.8,2.0,GaskMy00,87.8
101,Mecole Hardman,22,wr,16,8,66.10%,560,13.7,4,23,49,2.6,35.0,2.0,HardMe00,117.0
102,Jonnu Smith,25,TE,15,14,63.10%,448,10.9,8,25,63,2.7,29.9,0.0,SmitJo01,133.8
103,Chris Conley,28,wr,15,4,63.50%,471,11.8,2,24,51,2.7,31.4,1.0,ConlCh00,97.1
104,Michael Pittman Jr.,23,WR,13,8,65.60%,503,12.6,1,22,45,3.1,38.7,0.0,PittMi01,96.3
105,Drew Sample,24,TE,16,13,75.50%,349,8.7,1,16,23,2.5,21.8,1.0,SampDr00,78.9
106,Michael Thomas,27,wr,7,5,72.70%,438,11.0,0,25,24,5.7,62.6,0.0,ThomMi05,83.8
107,Anthony Firkser,25,fb,16,1,73.60%,387,9.9,1,26,45,2.4,24.2,0.0,FirkAn00,83.7
108,Randall Cobb,30,wr,10,2,79.20%,441,11.6,3,20,34,3.8,44.1,0.0,CobbRa00,100.1
109,Travis Fulgham,25,WR,13,8,56.70%,539,14.2,4,26,42,2.9,41.5,0.0,FulgTr00,115.9
110,Kareem Hunt,25,rb,16,5,74.50%,304,8.0,5,19,26,2.4,19.0,2.0,HuntKa00,94.4
111,Devin Singletary,23,RB,16,16,76.00%,269,7.1,0,8,34,2.4,16.8,1.0,SingDe00,62.9
112,Jordan Akins,28,te,13,5,75.50%,403,10.9,1,20,26,2.8,31.0,0.0,AkinJo00,83.3
113,Braxton Berrios,25,wr,16,2,67.30%,394,10.6,3,19,43,2.3,24.6,0.0,BerrBr00,94.4
114,Chris Carson,26,RB,12,12,80.40%,287,7.8,4,14,29,3.1,23.9,1.0,CarsCh00,87.7
115,Jared Cook,33,TE,15,5,61.70%,504,13.6,7,27,46,2.5,33.6,1.0,CookJa02,127.4
116,Rashard Higgins,26,wr,13,6,71.20%,599,16.2,4,26,43,2.8,46.1,3.0,HiggRa00,114.9
117,Sammy Watkins,27,WR,10,9,67.30%,421,11.4,2,27,37,3.7,42.1,1.0,WatkSa00,89.1
118,Clyde Edwards-Helaire,21,RB,13,13,66.70%,297,8.3,1,12,26,2.8,22.8,0.0,EdwaCl00,71.7
119,Tyler Eifert,30,te,15,4,60.00%,349,9.7,2,22,28,2.4,23.3,0.0,EifeTy00,82.9
120,Zach Ertz,30,TE,11,11,50.00%,335,9.3,1,16,42,3.3,30.5,0.0,ErtzZa00,75.5
121,Leonard Fournette,25,rb,13,3,76.60%,233,6.5,0,9,20,2.8,17.9,0.0,FourLe00,59.3
122,Antonio Gibson,22,RB,14,10,81.80%,247,6.9,0,9,40,2.6,17.6,1.0,GibsAn00,58.7
123,Jakeem Grant,28,wr,14,4,66.70%,373,10.4,1,22,30,2.6,26.6,2.0,GranJa00,75.3
124,Jonathan Taylor,21,RB,15,13,92.30%,299,8.3,1,12,39,2.4,19.9,1.0,TaylJo02,69.9
125,James Conner,25,RB,13,11,81.40%,215,6.1,0,10,18,2.7,16.5,2.0,ConnJa00,52.5
126,Gabriel Davis,21,WR,16,11,56.50%,599,17.1,7,27,56,2.2,37.4,1.0,DaviGa01,134.9
127,David Moore,25,WR,16,6,74.50%,417,11.9,6,18,57,2.2,26.1,1.0,MoorDa03,110.7
128,Golden Tate,32,wr,12,4,67.30%,388,11.1,2,19,39,2.9,32.3,0.0,TateGo00,85.8
129,Tre'Quan Smith,24,WR,14,10,68.00%,448,13.2,4,22,31,2.4,32.0,1.0,SmitTr03,100.8
130,John Brown,30,WR,9,8,63.50%,458,13.9,3,22,46,3.7,50.9,0.0,BrowJo02,96.8
131,Keke Coutee,23,wr,8,4,82.50%,400,12.1,3,19,64,4.1,50.0,4.0,CoutKe00,83.0
132,N'Keal Harry,23,WR,14,9,57.90%,309,9.4,2,15,30,2.4,22.1,1.0,HarrNK00,73.9
133,Josh Jacobs*,22,RB,15,15,73.30%,238,7.2,0,9,29,2.2,15.9,2.0,JacoJo01,52.8
134,David Johnson,29,RB,12,12,71.70%,314,9.5,2,16,32,2.8,26.2,2.0,JohnDa08,72.4
135,Allen Lazard,25,wr,10,9,71.70%,451,13.7,3,23,72,3.3,45.1,0.0,LazaAl00,96.1
136,Jerick McKinnon,28,rb,16,4,71.70%,253,7.7,1,12,26,2.1,15.8,0.0,McKiJe00,64.3
137,Scott Miller,23,WR,16,5,62.30%,501,15.2,3,20,48,2.1,31.3,0.0,MillSc01,101.1
138,Deebo Samuel,24,wr,7,5,75.00%,391,11.8,1,19,35,4.7,55.9,0.0,SamuDe00,78.1
139,Willie Snead,28,wr,13,8,68.80%,432,13.1,3,23,34,2.5,33.2,1.0,SneaWi00,92.2
140,Marquez Valdes-Scantling,26,WR,16,12,52.40%,690,20.9,6,27,78,2.1,43.1,1.0,ValdMa00,136.0
141,Melvin Gordon,27,RB,15,10,72.70%,158,4.9,1,7,20,2.1,10.5,4.0,GordMe00,45.8
142,Cam Sims,24,WR,16,10,66.70%,477,14.9,1,18,50,2.0,29.8,1.0,SimsCa00,83.7
143,Mo Alie-Cox,27,te,15,6,79.50%,394,12.7,2,19,45,2.1,26.3,1.0,AlieMo00,80.4
144,Dan Arnold,25,te,16,5,68.90%,438,14.1,4,24,59,1.9,27.4,2.0,ArnoDa00,94.8
145,Chris Herndon,24,TE,16,13,68.90%,287,9.3,3,17,26,1.9,17.9,2.0,HernCh00,73.7
146,Jalen Reagor,21,WR,11,11,57.40%,396,12.8,1,19,55,2.8,36.0,2.0,ReagJa00,72.6
147,Jamaal Williams,25,rb,14,3,88.60%,236,7.6,1,11,29,2.2,16.9,0.0,WillJa06,60.6
148,KJ Hamler,21,wr,13,4,53.60%,381,12.7,3,17,49,2.3,29.3,2.0,HamlKJ00,82.1
149,Isaiah McKenzie,25,wr,16,7,88.20%,282,9.4,5,17,46,1.9,17.6,0.0,McKeIs00,88.2
150,Breshad Perriman,27,WR,12,12,50.00%,505,16.8,3,20,53,2.5,42.1,0.0,PerrBr02,98.5
151,Irv Smith Jr.,22,te,13,7,69.80%,365,12.2,5,22,36,2.3,28.1,0.0,SmitIr01,96.5
152,James Washington,24,WR,16,7,53.60%,392,13.1,5,19,50,1.9,24.5,0.0,WashJa00,99.2
153,Kalen Ballage,25,0,11,2,78.40%,166,5.7,0,5,21,2.6,15.1,1.0,BallKa00,43.6
154,Lynn Bowden Jr.,23,wr,10,4,75.70%,211,7.5,0,13,22,2.8,21.1,0.0,BowdLy00,49.1
155,Cameron Brate,29,te,16,1,82.40%,282,10.1,2,17,25,1.8,17.6,0.0,BratCa00,68.2
156,Trey Burton,29,te,13,4,59.60%,250,8.9,3,14,20,2.2,19.2,0.0,BurtTr01,71.0
157,Isaiah Ford,24,wr,10,1,63.60%,276,9.9,0,18,18,2.8,27.6,0.0,FordIs00,55.6
158,Jalen Guyton,23,WR,16,9,50.90%,511,18.3,3,18,72,1.8,31.9,0.0,GuytJa01,97.1
159,Duke Johnson,27,rb,11,5,80.00%,249,8.9,1,8,48,2.5,22.6,3.0,JohnDu00,52.9
160,Ronald Jones II,23,RB,14,13,66.70%,165,5.9,1,2,37,2.0,11.8,2.0,JoneRo01,46.5
161,Cole Kmet,21,TE,16,9,63.60%,243,8.7,2,12,38,1.8,15.2,1.0,KmetCo00,62.3
162,James O'Shaughnessy,28,TE,15,13,73.70%,262,9.4,0,12,26,1.9,17.5,0.0,O'ShJa00,54.2
163,Tony Pollard,23,rb,16,2,70.00%,193,6.9,1,9,30,1.8,12.1,0.0,PollTo00,53.3
164,Kyle Rudolph,31,TE,12,12,75.70%,334,11.9,1,16,25,2.3,27.8,1.0,RudoKy00,65.4
165,Miles Sanders,23,RB,12,11,53.80%,197,7.0,0,8,28,2.3,16.4,4.0,SandMi01,39.7
166,Steven Sims,23,wr,12,2,73.00%,265,9.8,1,13,30,2.3,22.1,4.0,SimsSt00,51.5
167,Isaiah Wright,23,wr,14,6,77.10%,197,7.3,0,10,22,1.9,14.1,3.0,WrigIs01,40.7
168,Jordan Reed,30,te,10,1,56.50%,231,8.9,4,16,26,2.6,23.1,0.0,ReedJo02,73.1
169,Henry Ruggs III,21,WR,13,12,60.50%,452,17.4,2,13,72,2.0,34.8,2.0,RuggHe00,79.2
170,Durham Smythe,25,TE,15,13,89.70%,208,8.0,2,13,19,1.7,13.9,0.0,SmytDu00,58.8
171,Rex Burkhead,30,rb,10,0,75.80%,192,7.7,3,11,24,2.5,19.2,0.0,BurkRe00,62.2
172,Kenyan Drake,26,RB,15,13,80.60%,137,5.5,0,5,18,1.7,9.1,3.0,DrakKe00,32.7
173,Todd Gurley,26,RB,15,15,71.40%,164,6.6,0,7,26,1.7,10.9,2.0,GurlTo01,37.4
174,Brian Hill,25,rb,16,1,83.30%,199,8.0,0,7,26,1.6,12.4,2.0,HillBr02,40.9
175,Jacob Hollister,27,te,16,5,62.50%,209,8.4,3,14,20,1.6,13.1,0.0,HollJa03,63.9
176,Boston Scott,25,rb,16,4,69.40%,212,8.5,1,8,18,1.6,13.3,2.0,ScotBo02,48.2
177,Harrison Bryant,22,TE,15,9,63.20%,238,9.9,3,14,35,1.6,15.9,2.0,BryaHa00,61.8
178,Will Dissly,24,te,16,12,82.80%,251,10.5,2,12,28,1.5,15.7,0.0,DissWi00,61.1
179,Dawson Knox,24,TE,12,7,54.50%,288,12.0,3,14,36,2.0,24.0,2.0,KnoxDa00,66.8
180,Greg Olsen,35,TE,11,8,64.90%,239,10.0,1,16,22,2.2,21.7,0.0,OlseGr00,53.9
181,Richard Rodgers,28,te,14,4,77.40%,345,14.4,2,16,33,1.7,24.6,0.0,RodgRi00,70.5
182,Odell Beckham Jr.,28,WR,7,7,53.50%,319,13.9,3,17,43,3.3,45.6,0.0,BeckOd00,72.9
183,Malcolm Brown,27,rb,16,0,69.70%,162,7.0,0,9,30,1.4,10.1,1.0,BrowMa03,37.2
184,Jack Doyle,30,TE,14,12,69.70%,251,10.9,3,13,28,1.6,17.9,1.0,DoylJa00,64.1
185,DaeSean Hamilton,25,wr,16,2,52.30%,293,12.7,2,16,40,1.4,18.3,1.0,HamiDa01,62.3
186,Adam Humphries,27,wr,7,1,65.70%,228,9.9,2,11,23,3.3,32.6,0.0,HumpAd00,57.8
187,Richie James,25,WR,11,7,65.70%,394,17.1,1,15,47,2.1,35.8,2.0,JameRi00,64.4
188,Joshua Kelley,23,rb,14,0,100.00%,148,6.4,0,9,35,1.6,10.6,2.0,KellJo01,33.8
189,Denzel Mims,23,WR,9,8,52.30%,357,15.5,0,15,30,2.6,39.7,0.0,MimsDe00,58.7
190,Latavius Murray,30,RB,15,7,88.50%,176,7.7,1,8,25,1.5,11.7,1.0,MurrLa00,44.6
191,Marquez Callaway,22,wr,11,3,77.80%,213,10.1,0,10,27,1.9,19.4,0.0,CallMa01,42.3
192,Julian Edelman,34,wr,6,1,53.80%,315,15.0,0,18,49,3.5,52.5,0.0,EdelJu00,52.5
193,Darren Fells,34,TE,16,14,75.00%,312,14.9,4,16,44,1.3,19.5,0.0,FellDa01,76.2
194,Wayne Gallman,26,RB,15,10,77.80%,114,5.4,0,6,19,1.4,7.6,1.0,GallWa00,30.4
195,Andy Isabella,24,wr,13,2,60.00%,224,10.7,2,10,54,1.6,17.2,1.0,IsabAn00,53.4
196,Joe Mixon,24,rb,6,6,80.80%,138,6.6,1,5,19,3.5,23.0,1.0,MixoJo00,38.8
197,Cordarrelle Patterson*+,29,wr,16,3,84.00%,132,6.3,0,7,25,1.3,8.3,0.0,PattCo00,34.2
198,Chad Beebe,26,wr,14,0,66.70%,201,10.1,2,12,40,1.4,14.4,2.0,BeebCh00,48.1
199,Quintez Cephus,22,wr,13,2,57.10%,349,17.5,2,16,49,1.5,26.8,0.0,CephQu00,66.9
200,Devin Duvernay,23,wr,16,3,76.90%,201,10.1,0,8,39,1.3,12.6,0.0,DuveDe00,40.1
201,Kenny Golladay,27,WR,5,5,62.50%,338,16.9,2,16,48,4.0,67.6,0.0,GollKe00,65.8
202,Deonte Harty,23,wr,9,2,80.00%,186,9.3,1,10,40,2.2,20.7,3.0,HarrDe07,38.6
203,Tyron Johnson,24,wr,12,0,76.90%,398,19.9,3,15,55,1.7,33.2,0.0,JohnTy03,77.8
204,Ray-Ray McCloud,24,wr,16,2,90.90%,77,3.9,0,3,13,1.3,4.8,2.0,McClRa00,23.7
205,Ian Thomas,24,te,16,8,64.50%,145,7.3,1,11,21,1.3,9.1,1.0,ThomIa00,38.5
206,Chris Thompson,30,rb,8,0,87.00%,146,7.3,1,5,15,2.5,18.3,0.0,ThomCh03,40.6
207,Olamide Zaccheaus,23,wr,11,2,62.50%,274,13.7,1,16,51,1.8,24.9,0.0,ZaccOl01,53.4
208,Miles Boykin,24,WR,16,13,57.60%,266,14.0,4,14,43,1.2,16.6,0.0,BoykMi00,69.6
209,Tyler Conklin,25,te,16,2,73.10%,194,10.2,1,11,30,1.2,12.1,1.0,ConkTy00,42.4
210,Ross Dwelley,25,te,16,9,79.20%,245,12.9,1,10,36,1.2,15.3,0.0,DwelRo00,49.5
211,Derrick Henry *+,26,RB,16,16,61.30%,114,6.0,0,4,53,1.2,7.1,3.0,HenrDe00,24.4
212,Justin Jackson,24,rb,9,4,79.20%,173,9.1,0,7,34,2.1,19.2,0.0,JackJu01,36.3
213,Van Jefferson,24,wr,16,0,61.30%,220,11.6,1,11,31,1.2,13.8,1.0,JeffVa00,45.0
214,Kerryon Johnson,23,rb,16,2,73.10%,187,9.8,1,11,20,1.2,11.7,1.0,JohnKe06,41.7
215,Kyle Juszczyk*,29,FB,16,15,65.50%,202,10.6,4,10,41,1.2,12.6,1.0,JuszKy00,61.2
216,Dion Lewis,30,rb,16,0,63.30%,127,6.7,1,8,17,1.2,7.9,3.0,LewiDi00,31.7
217,David Njoku,24,te,13,5,65.50%,213,11.2,2,13,28,1.5,16.4,0.0,NjokDa00,52.3
218,Jalen Richard,27,rb,13,0,82.60%,138,7.3,0,5,19,1.5,10.6,1.0,RichJa01,30.8
219,J.K. Dobbins,22,rb,15,1,75.00%,120,6.7,0,4,19,1.2,8.0,2.0,DobbJK00,26.0
220,Marvin Hall,27,0,12,6,56.30%,302,16.8,2,10,73,1.5,25.2,0.0,HallMa02,60.2
221,Dontrelle Inman,31,wr,10,2,64.30%,163,9.1,2,11,17,1.8,16.3,1.0,InmaDo00,44.3
222,Collin Johnson,23,wr,14,0,58.10%,272,15.1,2,12,46,1.3,19.4,0.0,JohnCo01,57.2
223,Kaden Smith,23,TE,15,12,85.70%,112,6.2,0,8,16,1.2,7.5,1.0,SmitKa00,27.2
224,Darrel Williams,25,rb,16,0,69.20%,116,6.4,0,6,15,1.1,7.3,0.0,WillDa10,29.6
225,Preston Williams,23,WR,8,7,51.40%,288,16.0,4,14,47,2.3,36.0,0.0,WillPr01,70.8
226,Devontae Booker,28,rb,16,1,81.00%,84,4.9,0,2,17,1.1,5.3,1.0,BookDe00,23.4
227,DeeJay Dallas,22,rb,12,2,85.00%,111,6.5,1,5,13,1.4,9.3,0.0,DallDe00,34.1
228,Chad Hansen,25,wr,5,2,70.80%,236,13.9,1,11,38,3.4,47.2,0.0,HansCh00,46.6
229,Christian McCaffrey,24,rb,3,3,89.50%,149,8.8,1,8,24,5.7,49.7,0.0,McCaCh01,37.9
230,Mohamed Sanu,31,0,10,4,70.80%,187,11.0,1,13,21,1.7,18.7,0.0,SanuMo00,41.7
231,Ito Smith,25,rb,14,0,65.40%,75,4.4,0,3,17,1.2,5.4,1.0,SmitIt00,22.5
232,Jeff Smith,23,wr,12,4,45.90%,167,9.8,0,9,21,1.4,13.9,0.0,SmitJe03,33.7
233,Cedrick Wilson Jr.,25,wr,16,0,60.70%,189,11.1,2,10,42,1.1,11.8,0.0,WilsCe01,47.9
234,Le'Veon Bell,28,0,11,4,80.00%,138,8.6,0,7,30,1.5,12.5,1.0,BellLe00,27.8
235,Nick Chubb*,25,RB,12,12,88.90%,150,9.4,0,6,26,1.3,12.5,1.0,ChubNi00,29.0
236,Frank Gore,37,RB,15,14,84.20%,89,5.6,0,3,9,1.1,5.9,1.0,GoreFr00,22.9
237,Darrell Henderson,23,RB,15,11,66.70%,159,9.9,1,8,28,1.1,10.6,0.0,HendDa00,37.9
238,Mack Hollins,27,wr,16,2,64.00%,176,11.0,1,7,34,1.0,11.0,1.0,HollMa00,37.6
239,Carlos Hyde,30,rb,10,1,80.00%,93,5.8,0,4,18,1.6,9.3,1.0,HydeCa00,23.3
240,Ty Johnson,23,0,13,1,76.20%,99,6.2,1,6,18,1.2,7.6,0.0,JohnTy02,31.9
241,Raheem Mostert,28,RB,8,8,84.20%,156,9.8,1,5,76,2.0,19.5,1.0,MostRa00,35.6
242,KeeSean Johnson,24,wr,8,1,65.20%,173,11.5,0,7,45,1.9,21.6,0.0,JohnKe07,32.3
243,LeSean McCoy,32,rb,10,0,78.90%,101,6.7,0,3,15,1.5,10.1,0.0,McCoLe01,25.1
244,Vance McDonald,30,TE,14,12,75.00%,99,6.6,0,4,15,1.1,7.1,0.0,McDoVa00,24.9
245,Adam Trautman,23,te,15,6,93.80%,171,11.4,1,9,41,1.0,11.4,0.0,TrauAd00,38.1
246,Nick Boyle,27,TE,9,9,82.40%,113,8.1,2,8,21,1.6,12.6,0.0,BoylNi00,37.3
247,Noah Brown,24,wr,16,1,58.30%,154,11.0,0,6,20,0.9,9.6,0.0,BrowNo00,29.4
248,Pharaoh Brown,26,TE,13,9,87.50%,163,11.6,2,9,29,1.1,12.5,0.0,BrowPh01,42.3
249,Chris Hogan,33,wr,5,4,53.80%,118,8.4,0,6,27,2.8,23.6,0.0,HogaCh00,25.8
250,DeSean Jackson,34,wr,5,5,53.80%,236,16.9,1,10,81,2.8,47.2,0.0,JackDe00,43.6
251,Jesse James,26,TE,16,7,63.60%,129,9.2,2,6,31,0.9,8.1,0.0,JameJe00,38.9
252,Marcus Johnson,26,wr,11,3,50.00%,255,18.2,0,11,55,1.3,23.2,0.0,JohnMa07,39.5
253,Olabisi Johnson,23,0,16,3,73.70%,189,13.5,0,9,29,0.9,11.8,0.0,JohnOl00,32.9
254,Zay Jones,25,wr,16,2,70.00%,154,11.0,1,6,37,0.9,9.6,0.0,JoneZa00,35.4
255,Zack Moss,23,rb,13,0,77.80%,95,6.8,1,5,20,1.1,7.3,0.0,MossZa00,29.5
256,Donovan Peoples-Jones,21,wr,12,2,70.00%,304,21.7,2,10,75,1.2,25.3,0.0,PeopDo00,56.4
257,Auden Tate,23,wr,9,2,63.60%,150,10.7,0,9,19,1.6,16.7,0.0,TateAu00,29.0
258,Nick Vannett,27,TE,15,11,66.70%,95,6.8,1,6,19,0.9,6.3,0.0,VannNi00,29.5
259,Jamal Agnew,25,db,14,2,65.00%,89,6.8,0,4,20,0.9,6.4,2.0,AgneJa00,17.9
260,Christian Blake,24,wr,16,0,72.20%,141,10.8,0,6,25,0.8,8.8,0.0,BlakCh00,27.1
261,Ryan Izzo,25,TE,12,12,65.00%,199,15.3,0,6,50,1.1,16.6,1.0,IzzoRy00,30.9
262,Alexander Mattison,22,rb,13,2,86.70%,125,9.6,1,5,28,1.0,9.6,0.0,MattAl01,31.5
263,Byron Pringle,27,wr,13,3,76.50%,160,12.3,1,9,37,1.0,12.3,0.0,PrinBy00,35.0
264,Freddie Swain,22,wr,16,1,61.90%,159,12.2,2,6,23,0.8,9.9,0.0,SwaiFr00,40.9
265,Mike Thomas,26,wr,14,0,61.90%,132,10.2,1,7,29,0.9,9.4,1.0,ThomMi04,30.2
266,Jeff Wilson,25,rb,12,3,46.40%,133,10.2,3,8,21,1.1,11.1,2.0,WilsJe01,40.3
267,Jason Witten,38,TE,16,7,76.50%,69,5.3,2,8,15,0.8,4.3,0.0,WittJa00,31.9
268,Cameron Batson,25,wr,12,1,92.30%,100,8.3,1,7,18,1.0,8.3,1.0,BatsCa00,26.0
269,Alex Erickson,28,wr,16,2,70.60%,139,11.6,0,5,42,0.8,8.7,2.0,EricAl01,21.9
270,Royce Freeman,24,rb,16,0,92.30%,81,6.8,0,4,28,0.8,5.1,0.0,FreeRo00,20.1
271,Alec Ingold,24,fb,16,4,70.60%,110,9.2,1,9,23,0.8,6.9,0.0,IngoAl01,29.0
272,Tyler Johnson,22,wr,14,3,70.60%,169,14.1,2,9,35,0.9,12.1,0.0,JohnTy00,40.9
273,Tyler Kroft,28,te,10,4,75.00%,119,9.9,3,9,38,1.2,11.9,0.0,KrofTy00,41.9
274,Jeremy McNichols,25,rb,16,0,70.60%,55,4.6,0,0,9,0.8,3.4,0.0,McNiJe00,17.5
275,Adrian Peterson,35,RB,16,10,66.70%,101,8.4,0,4,23,0.8,6.3,0.0,PeteAd01,22.1
276,Brandon Powell,25,wr,15,1,66.70%,69,5.8,2,5,13,0.8,4.6,2.0,PoweBr00,26.9
277,Adam Shaheen,26,te,16,5,54.50%,150,12.5,3,9,43,0.8,9.4,0.0,ShahAd00,45.0
278,Jace Sternberger,24,te,12,0,80.00%,114,9.5,1,6,27,1.0,9.5,0.0,SterJa00,29.4
279,Jordan Wilkins,26,rb,15,0,75.00%,105,8.8,0,3,24,0.8,7.0,0.0,WilkJo01,22.5
280,Salvon Ahmed,22,rb,6,4,78.60%,61,5.5,0,2,13,1.8,10.2,0.0,AhmeSa01,17.1
281,Cam Akers,21,rb,13,5,78.60%,123,11.2,1,4,38,0.8,9.5,1.0,AkerCa00,27.3
282,Blake Bell,29,te,16,2,73.30%,110,10.0,0,7,24,0.7,6.9,0.0,BellBl00,22.0
283,C.J. Board,27,wr,14,4,68.80%,101,9.2,0,6,16,0.8,7.2,0.0,BoarC.00,21.1
284,Bryan Edwards,22,wr,12,3,73.30%,193,17.5,1,9,34,0.9,16.1,0.0,EdwaBr01,36.3
285,Tyler Ervin,27,rb,8,0,73.30%,84,7.6,0,6,24,1.4,10.5,0.0,ErviTy00,19.4
286,KhaDarel Hodge,25,wr,9,0,64.70%,180,16.4,0,11,42,1.2,20.0,0.0,HodgKh00,29.0
287,O.J. Howard,26,te,4,1,57.90%,146,13.3,2,8,33,2.8,36.5,0.0,HowaO.00,37.6
288,Albert Okwuegbunam,22,te,4,0,73.30%,121,11.0,1,6,27,2.8,30.3,0.0,OkwuAl00,29.1
289,La'Mical Perine,22,rb,10,0,73.30%,63,5.7,0,3,14,1.1,6.3,0.0,PeriLa00,17.3
290,Samaje Perine,25,rb,16,1,91.70%,66,6.0,0,4,15,0.7,4.1,0.0,PeriSa00,17.6
291,Keith Smith,28,FB,16,7,73.30%,59,5.4,0,4,13,0.7,3.7,0.0,SmitKe03,16.9
292,Kenny Stills,28,wr,10,0,57.90%,144,13.1,1,8,24,1.1,14.4,0.0,StilKe00,31.4
293,De'Michael Harris,22,wr,7,0,100.00%,79,7.9,0,3,21,1.4,11.3,0.0,HarrDe09,17.9
294,John Hightower,24,wr,13,4,34.50%,167,16.7,0,5,59,0.8,12.8,0.0,HighJo00,26.7
295,Patrick Laird,25,rb,16,0,83.30%,68,6.8,0,3,17,0.6,4.3,1.0,LairPa00,14.8
296,Marcedes Lewis,36,TE,15,15,58.80%,107,10.7,3,6,36,0.7,7.1,0.0,LewiMa00,38.7
297,Dare Ogunbowale,26,rb,14,2,50.00%,54,5.4,0,4,12,0.7,3.9,0.0,OgunDa00,15.4
298,Donald Parham,23,te,13,5,50.00%,159,15.9,3,8,26,0.8,12.2,0.0,ParhDo00,43.9
299,Benny Snell Jr.,22,rb,16,3,71.40%,61,6.1,0,3,14,0.6,3.8,2.0,SnelBe00,12.1
300,Trent Taylor,26,wr,12,1,47.60%,86,8.6,0,5,29,0.8,7.2,0.0,TaylTr02,18.6
301,Matt Breida,25,rb,12,1,90.00%,96,10.7,0,5,31,0.8,8.0,2.0,BreiMa00,14.6
302,Gus Edwards,25,rb,16,6,69.20%,129,14.3,0,4,34,0.6,8.1,1.0,EdwaGu00,19.9
303,Ryan Griffin,30,te,15,6,75.00%,86,9.6,0,4,23,0.6,5.7,0.0,GrifRy00,17.6
304,Travis Homer,22,rb,9,0,90.00%,90,10.0,1,4,50,1.0,10.0,0.0,HomeTr00,24.0
305,Devine Ozigbo,24,rb,8,0,100.00%,42,4.7,0,3,12,1.1,5.3,0.0,OzigDe01,13.2
306,Malcolm Perry,23,wr,9,2,69.20%,92,10.2,1,4,25,1.0,10.2,1.0,PerrMa00,22.2
307,Kalif Raymond,26,wr,15,3,60.00%,187,20.8,0,7,61,0.6,12.5,0.0,RaymKa00,27.7
308,Patrick Ricard*,26,FB,15,10,75.00%,45,5.0,1,3,11,0.6,3.0,1.0,RicaPa00,17.5
309,Jaylen Samuels,24,te,14,1,64.30%,46,5.1,0,2,12,0.6,3.3,0.0,SamuJa00,13.6
310,Rodney Smith,24,rb,7,1,81.80%,59,6.6,0,1,12,1.3,8.4,1.0,SmitRo08,12.9
311,Geoff Swaim,27,wr,10,8,75.00%,83,9.2,1,6,16,0.9,8.3,0.0,SwaiGe00,23.3
312,Ameer Abdullah,27,rb,16,0,88.90%,58,7.3,2,4,22,0.5,3.6,0.0,AbduAm00,25.8
313,Stephen Anderson,27,te,16,3,72.70%,106,13.3,0,7,23,0.5,6.6,0.0,AndeSt01,18.6
314,Darrell Daniels,26,te,12,8,72.70%,92,11.5,1,4,31,0.7,7.7,0.0,DaniDa02,23.2
315,Troy Fumagalli,25,te,8,0,53.30%,80,10.0,1,6,29,1.0,10.0,0.0,FumaTr00,22.0
316,C.J. Ham,27,FB,15,11,61.50%,97,12.1,1,6,30,0.5,6.5,0.0,HamxC.00,23.7
317,Josh Hill,30,te,14,7,80.00%,46,5.8,1,4,16,0.6,3.3,1.0,HillJo02,16.6
318,Taysom Hill,30,wr/qb,16,8,66.70%,98,12.3,1,4,21,0.5,6.1,10.0,HillTa00,3.8
319,Jakob Johnson,26,FB,16,11,88.90%,35,4.4,1,3,12,0.5,2.2,1.0,JohnJa12,15.5
320,Ryan Nall,25,rb,16,0,88.90%,67,8.4,1,5,18,0.5,4.2,0.0,NallRy00,20.7
321,Troymaine Pope,27,rb,6,0,80.00%,42,5.3,0,1,11,1.3,7.0,0.0,PopeTr00,12.2
322,C.J. Uzomah,27,te,2,2,72.70%,87,10.9,1,6,23,4.0,43.5,0.0,UzomC.00,22.7
323,Maxx Williams,26,TE,9,8,80.00%,102,12.8,1,4,42,0.9,11.3,0.0,WillMa04,24.2
324,Devonta Freeman,28,rb,5,4,70.00%,58,8.3,0,3,18,1.4,11.6,0.0,FreeDe00,12.8
325,Demetrius Harris,29,te,15,5,50.00%,45,6.4,0,2,9,0.5,3.0,0.0,HarrDe03,11.5
326,Jamycal Hasty,24,rb,8,0,87.50%,33,4.7,0,0,16,0.9,4.1,1.0,HastJa02,8.3
327,K.J. Hill,23,cb,15,0,63.60%,73,10.4,0,2,25,0.5,4.9,1.0,HillKJ00,12.3
328,Phillip Lindsay,26,rb,11,8,50.00%,28,4.0,0,1,11,0.6,2.5,0.0,LindPh00,9.8
329,Austin Mack,23,wr,11,1,63.60%,91,13.0,0,5,50,0.6,8.3,0.0,MackAu01,16.1
330,Sony Michel,25,rb,9,6,77.80%,114,16.3,1,5,31,0.8,12.7,0.0,MichSo00,24.4
331,Jaydon Mickens,26,wr,10,0,70.00%,58,8.3,0,6,11,0.7,5.8,0.0,MickJa01,12.8
332,Foster Moreau,23,te,16,2,77.80%,140,20.0,2,5,47,0.4,8.8,0.0,MoreFo00,33.0
333,Equanimeous St. Brown,24,wr,12,1,53.80%,117,16.7,1,6,24,0.6,9.8,0.0,St.BEq00,24.7
334,Luke Stocker,32,TE,16,13,63.60%,63,9.0,0,4,25,0.4,3.9,0.0,StocLu00,13.3
335,Darwin Thompson,23,rb,14,1,63.60%,65,9.3,1,3,37,0.5,4.6,0.0,ThomDa06,19.5
336,Quez Watkins,22,wr,6,0,53.80%,106,15.1,1,4,43,1.2,17.7,0.0,WatkQu00,23.6
337,Justin Watson,24,wr,11,2,63.60%,94,13.4,0,5,36,0.6,8.5,0.0,WatsJu01,16.4
338,Deon Yelder,25,te,14,1,63.60%,36,5.1,0,2,12,0.5,2.6,0.0,YeldDe00,10.6
339,Josh Adams,24,rb,8,0,75.00%,29,4.8,0,2,11,0.8,3.6,0.0,AdamJo03,8.9
340,Saquon Barkley,23,rb,2,2,66.70%,60,10.0,0,3,38,3.0,30.0,0.0,BarkSa00,12.0
341,Dez Bryant,32,wr,6,0,54.50%,47,7.8,2,3,16,1.0,7.8,0.0,BryaDe01,22.7
342,Parris Campbell,23,wr,2,2,66.70%,71,11.8,0,4,21,3.0,35.5,0.0,CampPa00,13.1
343,Tyrie Cleveland,23,wr,10,0,66.70%,63,10.5,0,4,17,0.6,6.3,0.0,ClevTy00,12.3
344,Tarik Cohen,25,rb,3,0,66.70%,41,6.8,0,1,20,2.0,13.7,0.0,CoheTa00,10.1
345,River Cracraft,26,wr,9,1,66.70%,41,6.8,0,2,12,0.7,4.6,0.0,CracRi00,10.1
346,Mark Ingram,31,RB,11,9,75.00%,50,8.3,0,2,18,0.5,4.5,0.0,IngrMa01,11.0
347,Alshon Jeffery,30,wr,7,2,46.20%,115,19.2,1,5,39,0.9,16.4,0.0,JeffAl00,23.5
348,Nick Keizer,25,te,16,3,66.70%,63,10.5,0,2,22,0.4,3.9,1.0,KeizNi00,10.3
349,Chris Manhertz,28,TE,16,12,75.00%,52,8.7,0,1,17,0.4,3.3,0.0,ManhCh00,11.2
350,Anthony McFarland Jr.,21,rb,11,0,66.70%,54,9.0,0,1,17,0.5,4.9,0.0,McFaAn00,11.4
351,Laquon Treadwell,25,wr,5,0,85.70%,49,8.2,2,4,14,1.2,9.8,0.0,TreaLa00,22.9
352,Javon Wims,26,wr,13,1,50.00%,48,8.0,1,4,13,0.5,3.7,0.0,WimsJa00,16.8
353,Alex Armah,26,fb,16,1,55.60%,18,3.6,0,1,14,0.3,1.1,0.0,ArmaAl00,6.8
354,Tavon Austin,30,wr,4,0,100.00%,20,4.0,0,1,7,1.3,5.0,1.0,AustTa00,5.0
355,Ja'Marcus Bradley,24,wr,3,1,45.50%,60,12.0,0,2,22,1.7,20.0,0.0,BradJa01,11.0
356,Cethan Carter,25,TE,15,5,71.40%,53,10.6,0,3,24,0.3,3.5,0.0,CartCe00,10.3
357,Corey Clement,26,rb,15,0,83.30%,25,5.0,0,2,12,0.3,1.7,0.0,ClemCo00,7.5
358,Pharoh Cooper,25,wr,16,1,62.50%,73,14.6,0,3,32,0.3,4.6,1.0,CoopPh00,10.3
359,Damien Harris,23,RB,10,10,71.40%,52,10.4,0,4,15,0.5,5.2,1.0,HarrDa06,8.2
360,Justice Hill,23,rb,12,0,100.00%,20,4.0,0,0,8,0.4,1.7,0.0,HillJu00,7.0
361,Steven Mitchell,26,wr,6,1,62.50%,60,12.0,0,3,20,0.8,10.0,0.0,MitcSt02,11.0
362,Gabe Nabers,23,fb,16,5,71.40%,25,5.0,2,2,9,0.3,1.6,0.0,NabeGa00,19.5
363,Gunner Olszewski+,24,wr,13,2,100.00%,62,12.4,1,3,38,0.4,4.8,1.0,OlszGu00,15.2
364,C.J. Prosise,26,rb,10,0,100.00%,18,3.6,1,1,10,0.5,1.8,1.0,ProsC.00,10.8
365,MyCole Pruitt,28,te,11,4,62.50%,49,9.8,2,4,22,0.5,4.5,0.0,PruiMy00,21.9
366,Theo Riddick,29,rb,4,0,83.30%,43,8.6,0,1,15,1.3,10.8,0.0,RiddTh00,9.3
367,Darrius Shepherd,25,wr,8,0,62.50%,46,9.2,0,1,19,0.6,5.8,1.0,ShepDa00,7.6
368,Trent Sherfield,24,wr,15,1,71.40%,50,10.0,0,2,26,0.3,3.3,0.0,SherTr00,10.0
369,Malik Taylor,25,wr,15,1,83.30%,66,13.2,1,4,26,0.3,4.4,0.0,TaylMa01,17.6
370,Levine Toilolo,29,te,16,2,83.30%,46,9.2,0,3,14,0.3,2.9,0.0,ToilLe00,9.6
371,Ke'Shawn Vaughn,23,rb,10,0,50.00%,34,6.8,1,2,13,0.5,3.4,1.0,VaugKe00,12.4
372,DeAndre Washington,27,0,4,1,50.00%,30,6.0,0,2,10,1.3,7.5,0.0,WashDe00,8.0
373,Trayveon Williams,23,rb,10,0,100.00%,30,6.0,0,1,13,0.5,3.0,1.0,WillTr06,6.0
374,JJ Arcega-Whiteside,24,wr,8,0,50.00%,85,21.3,0,4,37,0.5,10.6,0.0,ArceJJ00,12.5
375,Peyton Barber,26,rb,16,2,57.10%,12,3.0,0,1,7,0.3,0.8,0.0,BarbPe01,5.2
376,Khari Blasingame,24,FB,15,7,80.00%,39,9.8,0,2,16,0.3,2.6,0.0,BlasKh00,7.9
377,Michael Burton,28,rb,15,4,100.00%,28,7.0,0,1,12,0.3,1.9,0.0,BurtMi00,6.8
378,Tevin Coleman,27,rb,8,1,80.00%,34,8.5,0,2,18,0.5,4.3,0.0,ColeTe01,7.4
379,Juwan Johnson,24,wr,7,4,40.00%,39,9.8,0,3,19,0.6,5.6,0.0,JohnJu02,7.9
380,Josh Malone,24,wr,4,0,66.70%,16,4.0,0,1,13,1.0,4.0,0.0,MaloJo00,5.6
381,Johnny Mundt,26,te,16,1,100.00%,53,13.3,0,1,34,0.3,3.3,0.0,MundJo00,9.3
382,Dante Pettis,25,0,7,1,66.70%,76,19.0,1,3,33,0.6,10.9,1.0,PettDa00,15.6
383,Damion Ratley,25,wr,5,0,40.00%,63,15.8,0,2,29,0.8,12.6,1.0,RatlDa00,8.3
384,Riley Ridley,24,wr,5,1,100.00%,39,9.8,0,3,18,0.8,7.8,0.0,RidlRi00,7.9
385,Andre Roberts*,32,wr,15,0,80.00%,34,8.5,0,2,16,0.3,2.3,3.0,RobeAn00,1.4
386,Seth Roberts,29,wr,7,1,66.70%,31,7.8,0,2,12,0.6,4.4,0.0,RobeSe00,7.1
387,Lee Smith,33,te,10,2,66.70%,35,8.8,2,3,27,0.4,3.5,0.0,SmitLe00,19.5
388,Jonathan Williams,26,rb,5,0,100.00%,21,5.3,0,2,10,0.8,4.2,1.0,WillJo07,4.1
389,Deontay Burnett,23,wr,2,0,75.00%,19,6.3,0,1,10,1.5,9.5,0.0,BurnDe00,4.9
390,Trenton Cannon,26,rb,14,0,100.00%,16,5.3,0,1,19,0.2,1.1,0.0,CannTr00,4.6
391,Austin Carr,27,wr,6,0,75.00%,27,9.0,1,3,11,0.5,4.5,0.0,CarrAu00,11.7
392,Ashton Dulin,23,wr,13,0,50.00%,53,17.7,0,2,34,0.2,4.1,1.0,DuliAs00,6.3
393,Ted Ginn Jr.,35,wr,6,0,50.00%,40,13.3,0,1,29,0.5,6.7,1.0,GinnTe00,5.0
394,Terry Godwin,24,wr,3,0,50.00%,32,10.7,0,2,21,1.0,10.7,0.0,GodwTe00,6.2
395,Jaeden Graham,25,te,16,0,60.00%,25,8.3,0,1,11,0.2,1.6,0.0,GrahJa01,5.5
396,Virgil Green,32,te,6,3,50.00%,50,16.7,1,2,26,0.5,8.3,0.0,GreeVi00,14.0
397,Tanner Hudson,26,te,11,0,42.90%,41,13.7,0,3,20,0.3,3.7,0.0,HudsTa00,7.1
398,Lil'Jordan Humphrey,22,wr,3,1,60.00%,46,15.3,1,3,17,1.0,15.3,0.0,HumpLi01,13.6
399,D'Ernest Johnson,24,rb,16,0,75.00%,14,4.7,0,0,5,0.2,0.9,1.0,JohnDE04,2.4
400,Dalton Keene,21,te,6,0,60.00%,16,5.3,0,0,8,0.5,2.7,1.0,KeenDa00,2.6
401,Marlon Mack,24,rb,1,1,100.00%,30,10.0,0,1,19,3.0,30.0,0.0,MackMa00,6.0
402,Ty Montgomery,27,wr,6,1,50.00%,27,9.0,0,1,17,0.5,4.5,0.0,MontTy01,5.7
403,Alfred Morris,32,rb,9,0,75.00%,19,6.3,1,2,9,0.3,2.1,0.0,MorrAl00,10.9
404,Eric Saubert,26,te,8,4,75.00%,16,5.3,0,0,9,0.4,2.0,0.0,SaubEr00,4.6
405,Diontae Spencer,28,wr,11,0,50.00%,26,8.7,0,1,10,0.3,2.4,2.0,SpenDi00,1.6
406,Courtland Sutton,25,wr,1,1,50.00%,66,22.0,0,2,45,3.0,66.0,0.0,SuttCo00,9.6
407,Kahale Warring,23,te,7,0,42.90%,35,11.7,0,2,23,0.4,5.0,0.0,WarrKa00,6.5
408,Nick Westbrook-Ikhine,23,wr,14,1,37.50%,33,11.0,0,3,19,0.2,2.4,0.0,WestNi00,6.3
409,Charlie Woerner,23,te,14,0,75.00%,36,12.0,0,2,18,0.2,2.6,0.0,WoerCh00,6.6
410,Brandon Zylstra,27,wr,16,2,75.00%,35,11.7,0,3,28,0.2,2.2,0.0,ZylsBr00,6.5
411,Devin Asiasi,23,te,9,3,28.60%,39,19.5,1,2,26,0.2,4.3,0.0,AsiaDe00,11.9
412,Reggie Bonnafon,24,rb,2,0,100.00%,18,9.0,1,2,15,1.0,9.0,0.0,BonnRe00,9.8
413,Mike Boone,25,rb,16,0,100.00%,10,5.0,0,0,6,0.1,0.6,0.0,BoonMi00,3.0
414,Daniel Brown,28,wr,16,1,100.00%,31,15.5,0,2,18,0.1,1.9,0.0,BrowDa04,5.1
415,Jake Butt,25,te,5,1,50.00%,5,2.5,0,0,5,0.4,1.0,0.0,ButtJa00,2.5
416,Jason Cabinda,24,lb,16,2,66.70%,8,4.0,0,1,4,0.1,0.5,0.0,CabiJa00,2.8
417,Lawrence Cager,23,wr,2,1,33.30%,35,17.5,0,2,19,1.0,17.5,0.0,CageLa01,5.5
418,Antonio Callaway,23,wr,5,1,50.00%,20,10.0,0,1,13,0.4,4.0,0.0,CallAn00,4.0
419,Chandler Cox,24,rb,8,3,100.00%,9,4.5,0,1,6,0.3,1.1,0.0,CoxxCh01,2.9
420,Dominique Dafney,23,te,5,2,100.00%,26,13.0,1,2,13,0.4,5.2,0.0,DafnDo00,10.6
421,AJ Dillon,22,rb,11,0,100.00%,21,10.5,0,1,16,0.2,1.9,0.0,DillAJ00,4.1
422,Darrynton Evans,22,rb,5,0,50.00%,27,13.5,1,2,24,0.4,5.4,0.0,EvanDa02,10.7
423,Robert Foster,26,wr,4,2,33.30%,37,18.5,0,2,28,0.5,9.3,0.0,FostRo01,5.7
424,Daurice Fountain,25,wr,5,0,66.70%,23,11.5,0,2,12,0.4,4.6,0.0,FounDa00,4.3
425,Bennie Fowler,29,wr,5,0,33.30%,11,5.5,0,1,7,0.4,2.2,0.0,FowlBe00,3.1
426,Reggie Gilliam,23,fb,14,0,100.00%,16,8.0,1,2,15,0.1,1.1,0.0,GillRe00,9.6
427,Andy Janovich,27,rb,14,3,40.00%,13,6.5,0,1,13,0.1,0.9,0.0,JanoAn00,3.3
428,Lamar Miller,29,rb,1,0,100.00%,6,3.0,0,1,7,2.0,6.0,0.0,MillLa01,2.6
429,Cam Newton,31,QB,15,15,100.00%,35,17.5,1,2,19,0.1,2.3,6.0,NewtCa00,-0.5
430,Colby Parkinson,21,te,6,0,100.00%,16,8.0,0,2,10,0.3,2.7,0.0,ParkCo02,3.6
431,Elijhaa Penny,27,rb,14,0,66.70%,20,10.0,0,1,11,0.1,1.4,0.0,PennEl00,4.0
432,John Ross,25,wr,3,1,28.60%,17,8.5,0,1,15,0.7,5.7,0.0,RossJo00,3.7
433,Isaiah Zuber,23,wr,4,0,100.00%,29,14.5,0,1,16,0.5,7.3,0.0,ZubeIs00,4.9
434,Josh Allen*,24,QB,16,16,100.00%,12,12.0,1,1,12,0.1,0.8,9.0,AlleJo02,-9.8
435,Marcus Baugh,26,te,8,1,100.00%,2,2.0,0,0,2,0.1,0.3,0.0,BaugMa02,1.2
436,LeVante Bellamy,24,rb,5,0,100.00%,5,5.0,0,0,5,0.2,1.0,0.0,BellLe02,1.5
437,Nick Bellore*,31,lb,16,0,100.00%,9,9.0,0,1,9,0.1,0.6,0.0,BellNi01,1.9
438,Hunter Bryant,22,te,5,0,33.30%,44,44.0,0,1,44,0.2,8.8,0.0,BryaHu02,5.4
439,Stephen Carlson,24,te,16,2,50.00%,11,11.0,0,1,11,0.1,0.7,0.0,CarlSt00,2.1
440,Derek Carrier,30,te,16,0,100.00%,14,14.0,0,1,14,0.1,0.9,0.0,CarrDe00,2.4
441,DeAndre Carter,27,0,13,0,50.00%,8,8.0,0,0,8,0.1,0.6,2.0,CartDe02,-2.2
442,Alex Collins,26,rb,3,1,50.00%,4,4.0,0,0,4,0.3,1.3,0.0,CollAl00,1.4
443,Jason Croom,26,te,4,0,100.00%,3,3.0,1,1,3,0.3,0.8,0.0,CrooJa00,7.3
444,Andy Dalton,33,QB,11,9,100.00%,-3,-3.0,0,0,-3,0.1,-0.3,2.0,DaltAn00,-3.3
445,Josiah Deguara,23,te,2,1,50.00%,12,12.0,0,1,12,0.5,6.0,0.0,DeguJo00,2.2
446,Gehrig Dieter,27,wr,4,0,50.00%,10,10.0,0,1,10,0.3,2.5,0.0,DietGe00,2.0
447,Brandon Dillon,23,te,3,0,100.00%,6,6.0,0,0,6,0.3,2.0,0.0,DillBr00,1.6
448,Ben Ellefson,24,te,7,4,25.00%,10,10.0,0,1,10,0.1,1.4,0.0,ElleBe00,2.0
449,Eric Fisher*,29,LT,15,15,100.00%,2,2.0,1,1,2,0.1,0.1,0.0,FishEr00,7.2
450,Ryan Fitzpatrick,38,qb,9,7,100.00%,0,0.0,0,0,0,0.1,0.0,2.0,FitzRy00,-3.0
451,D'Onta Foreman,24,rb,6,0,100.00%,5,5.0,1,1,5,0.2,0.8,0.0,ForeDO00,7.5
452,D.J. Foster,27,wr,10,0,100.00%,7,7.0,0,1,7,0.1,0.7,0.0,FostD.01,1.7
453,Antonio Gandy-Golden,22,wr,6,2,14.30%,3,3.0,0,0,3,0.2,0.5,0.0,GandAn00,1.3
454,Cullen Gillaspia,25,rb,7,0,100.00%,6,6.0,0,0,6,0.1,0.9,0.0,GillCu00,1.6
455,Penny Hart,24,wr,13,0,100.00%,3,3.0,0,0,3,0.1,0.2,0.0,HartPe01,1.3
456,Temarrick Hemingway,27,te,8,0,50.00%,10,10.0,0,1,10,0.1,1.3,0.0,HemiTe00,2.0
457,Dontrell Hilliard,25,0,7,0,100.00%,2,2.0,0,0,2,0.1,0.3,0.0,HillDo00,1.2
458,Cody Hollister,27,wr,2,0,100.00%,12,12.0,0,1,12,0.5,6.0,0.0,HollCo00,2.2
459,Jordan Howard,26,0,7,4,100.00%,-3,-3.0,0,0,0,0.1,-0.4,1.0,HowaJo00,-1.3
460,Buddy Howell,24,rb,14,0,50.00%,3,3.0,0,0,3,0.1,0.2,0.0,HoweGr00,1.3
461,Jason Huntley,22,rb,5,0,50.00%,0,0.0,0,0,0,0.2,0.0,0.0,HuntJa01,1.0
462,Jalen Hurts,22,qb,15,4,100.00%,3,3.0,0,0,3,0.1,0.2,9.0,HurtJa00,-16.7
463,Trenton Irwin,25,wr,1,0,50.00%,5,5.0,0,0,5,1.0,5.0,0.0,IrwiTr00,1.5
464,Blake Jarwin,26,te,1,1,100.00%,12,12.0,0,1,12,1.0,12.0,0.0,JarwBl00,2.2
465,Marcus Kemp,25,0,11,0,100.00%,11,11.0,0,1,11,0.1,1.0,0.0,KempMa00,2.1
466,Adrian Killins,22,rb,1,0,100.00%,2,2.0,0,0,2,1.0,2.0,0.0,KillAd00,1.2
467,Keith Kirkwood,26,wr,1,0,50.00%,13,13.0,0,0,13,1.0,13.0,0.0,KirkKe00,2.3
468,Jake Kumerow,28,wr,6,0,100.00%,22,22.0,1,1,22,0.2,3.7,0.0,KumeJa00,9.2
469,Kendall Lamm,28,t,15,1,100.00%,1,1.0,1,1,1,0.1,0.1,0.0,LammKe00,7.1
470,Tommylee Lewis,28,wr,5,0,33.30%,5,5.0,0,0,5,0.2,1.0,0.0,LewiTo00,1.5
471,Bobby Massie,31,RT,8,8,100.00%,4,4.0,0,1,4,0.1,0.5,0.0,MassBo00,1.4
472,Baker Mayfield,25,QB,16,16,100.00%,6,6.0,0,1,6,0.1,0.4,8.0,MayfBa00,-14.4
473,Bruce Miller,33,FB,8,5,50.00%,2,2.0,0,1,2,0.1,0.3,0.0,MillBr02,1.2
474,Gardner Minshew II,24,QB,9,8,100.00%,0,0.0,0,0,0,0.1,0.0,5.0,MinsGa00,-9.0
475,Donte Moncrief,27,wr,6,0,50.00%,15,15.0,0,1,15,0.2,2.5,0.0,MoncDo00,2.5
476,Isaac Nauta,23,te,7,0,50.00%,3,3.0,0,0,3,0.1,0.4,0.0,NautIs00,1.3
477,Siran Neal,26,db,16,0,100.00%,13,13.0,0,1,13,0.1,0.8,0.0,NealSi00,2.3
478,Scottie Phillips,23,rb,8,0,100.00%,7,7.0,0,0,7,0.1,0.9,0.0,PhilSc01,1.7
479,Dak Prescott,27,qb,5,5,100.00%,11,11.0,1,1,11,0.2,2.2,3.0,PresDa01,2.1
480,James Proche,24,wr,14,0,33.30%,14,14.0,0,1,14,0.1,1.0,0.0,ProcJa00,2.4
481,Craig Reynolds,24,rb,2,0,100.00%,3,3.0,0,0,3,0.5,1.5,0.0,ReynCr00,1.3
482,Aaron Rodgers*+,37,QB,16,16,100.00%,-6,-6.0,0,0,-6,0.1,-0.4,4.0,RodgAa00,-7.6
483,Jaleel Scott,25,wr,1,1,100.00%,16,16.0,0,1,16,1.0,16.0,0.0,ScotJa02,2.6
484,Anthony Sherman,32,rb,13,1,50.00%,5,5.0,1,1,5,0.1,0.4,0.0,SherAn00,7.5
485,Vyncint Smith,24,wr,7,0,33.30%,13,13.0,0,1,13,0.1,1.9,0.0,SmitVy00,2.3
486,Jeremy Sprinkle,26,TE,16,6,33.30%,6,6.0,0,0,6,0.1,0.4,0.0,SpriJe00,1.6
487,Ryan Tannehill,32,QB,16,16,100.00%,0,0.0,0,0,0,0.1,0.0,6.0,TannRy00,-11.0
488,J.J. Taylor,22,rb,6,0,50.00%,4,4.0,0,0,4,0.2,0.7,0.0,TaylJJ01,1.4
489,Jordan Thomas,24,0,6,0,50.00%,3,3.0,1,1,3,0.2,0.5,0.0,ThomJo05,7.3
490,Colin Thompson,27,te,15,4,50.00%,7,7.0,1,1,7,0.1,0.5,0.0,ThomCo03,7.7
491,Zeke Turner,24,db,16,0,100.00%,26,26.0,0,1,26,0.1,1.6,0.0,TurnZe00,3.6
492,Austin Walter,24,rb,4,0,100.00%,27,27.0,0,1,27,0.3,6.8,0.0,WaltAu00,3.7
493,Jonathan Ward,23,rb,14,0,100.00%,11,11.0,1,1,11,0.1,0.8,0.0,WardJo00,8.1
494,Trevon Wesco,25,0,12,4,50.00%,5,5.0,0,0,5,0.1,0.4,0.0,WescTr00,1.5
495,Dede Westbrook,27,wr,2,0,100.00%,4,4.0,0,0,4,0.5,2.0,1.0,WestDe00,-0.6
496,Antonio Williams,23,rb,1,0,100.00%,20,20.0,0,1,20,1.0,20.0,0.0,WillAn03,3.0
497,Luke Willson,30,0,8,0,33.30%,12,12.0,0,0,12,0.1,1.5,0.0,WillLu00,2.2
498,T.J. Yeldon,27,rb,3,0,25.00%,22,22.0,1,1,22,0.3,7.3,1.0,YeldT.00,7.2
499,Brandon Allen,28,qb,5,5,0.00%,0,0.0,0,0,0,0.0,0.0,1.0,AlleBr00,-2.0
500,Antony Auclair,27,te,8,2,0.00%,0,0.0,0,0,0,0.0,0.0,0.0,AuclAn00,0.0
501,Jeff Badet,26,wr,3,0,0.00%,0,0.0,0,0,0,0.0,0.0,0.0,BadeJe00,0.0
502,Kenjon Barner,31,rb,6,0,0.00%,0,0.0,0,0,0,0.0,0.0,0.0,BarnKe00,0.0
503,Aaron Brewer,23,c,12,1,0.00%,0,0.0,0,0,0,0.0,0.0,0.0,BrewAa01,0.0
504,Hakeem Butler,24,wr,2,0,0.00%,0,0.0,0,0,0,0.0,0.0,0.0,ButlHa00,0.0
505,Tyler Davis,23,te,8,0,0.00%,0,0.0,0,0,0,0.0,0.0,0.0,DaviTy02,0.0
506,Seth Devalve,27,te,4,0,0.00%,0,0.0,0,0,0,0.0,0.0,0.0,DevaSe00,0.0
507,Rico Gafford,24,db,3,0,0.00%,0,0.0,0,0,0,0.0,0.0,0.0,GaffRi00,0.0
508,Nick Gates,25,C,16,16,0.00%,0,0.0,0,0,0,0.0,0.0,0.0,GateNi00,0.0
509,C.J. Goodwin,30,db,16,0,0.00%,0,0.0,0,0,0,0.0,0.0,0.0,GoodC.00,0.0
510,Cyril Grayson,27,wr,3,0,0.00%,0,0.0,0,0,0,0.0,0.0,0.0,GrayCy01,0.0
511,Jerald Hawkins,27,t,13,0,0.00%,0,0.0,0,0,0,0.0,0.0,0.0,HawkJe00,0.0
512,J.P. Holtz,27,te,16,1,0.00%,0,0.0,0,0,0,0.0,0.0,0.0,HoltJ.01,0.0
513,Taiwan Jones,32,rb,13,0,0.00%,0,0.0,0,0,0,0.0,0.0,0.0,JoneTa00,0.0
514,Patrick Mahomes*,25,QB,15,15,0.00%,0,0.0,0,0,0,0.0,0.0,5.0,MahoPa00,-10.0
515,Kevin Rader,25,te,1,1,0.00%,0,0.0,0,0,0,0.0,0.0,0.0,RadeKe00,0.0
516,Joe Reed,22,wr,11,0,0.00%,0,0.0,0,0,0,0.0,0.0,0.0,ReedJo03,0.0
517,Mason Schreck,27,te,14,1,0.00%,0,0.0,0,0,0,0.0,0.0,0.0,SchrMa00,0.0
518,Ricky Seals-Jones,25,wr,2,0,0.00%,0,0.0,0,0,0,0.0,0.0,0.0,SealRi00,0.0
519,Tajae Sharpe,26,wr,4,0,0.00%,0,0.0,0,0,0,0.0,0.0,0.0,SharTa00,0.0
520,Matthew Stafford,32,QB,16,16,0.00%,0,0.0,0,0,0,0.0,0.0,2.0,StafMa00,-4.0
521,Taywan Taylor,25,wr,3,0,0.00%,0,0.0,0,0,0,0.0,0.0,0.0,TaylTa00,0.0
522,Noah Togiai,23,te,4,0,0.00%,0,0.0,0,0,0,0.0,0.0,0.0,TogiNo00,0.0
523,Eric Tomlinson,28,0,7,2,0.00%,0,0.0,0,0,0,0.0,0.0,0.0,TomlEr01,0.0
524,P.J. Walker,25,qb,4,1,0.00%,0,0.0,0,0,0,0.0,0.0,1.0,WalkPh00,-2.0
