Rk,Player,Tm,Age,Pos,ga,GS,Tgt,Rec,Ctch,Yds,YR,TD,D,Lng,YTgt,RG,YG,Fmb,Player_additional,points
1,Cooper Kupp*+,LAR,28,WR,17,17,191,145,75.90%,1947,13.4,16,89,59,10.2,8.5,114.5,0,KuppCo00,435.7
2,Davante Adams*+,GNB,29,WR,16,16,169,123,72.80%,1553,12.6,11,84,59,9.2,7.7,97.1,0,AdamDa01,344.3
3,Tyreek Hill*,KAN,27,WR,17,16,159,111,69.80%,1239,11.2,9,75,75,7.8,6.5,72.9,2,HillTy00,284.9
4,Justin Jefferson*,MIN,22,WR,17,17,167,108,64.70%,1616,15,10,75,56,9.7,6.4,95.1,1,JeffJu00,327.6
5,Mark Andrews*+,BAL,26,TE,17,9,153,107,69.90%,1361,12.7,9,75,43,8.9,6.3,80.1,1,AndrMa00,295.1
6,Diontae Johnson*,PIT,25,WR,16,14,169,107,63.30%,1161,10.9,8,59,50,6.9,6.7,72.6,2,JohnDi01,267.1
7,Keenan Allen*,LAC,29,WR,16,16,157,106,67.50%,1138,10.7,6,66,42,7.2,6.6,71.1,1,AlleKe00,253.8
8,Jaylen Waddle,MIA,23,WR,16,16,140,104,74.30%,1015,9.8,6,59,57,7.3,6.5,63.4,2,WaddJa00,237.5
9,Stefon Diggs*,BUF,28,WR,17,17,164,103,62.80%,1225,11.9,10,66,61,7.5,6.1,72.1,1,DiggSt00,283.5
10,Hunter Renfrow*,LVR,26,WR,17,9,128,103,80.50%,1038,10.1,9,51,54,8.1,6.1,61.1,5,RenfHu00,250.8
11,Chris Godwin,TAM,25,WR,14,14,127,98,77.20%,1103,11.3,5,55,44,8.7,7,78.8,2,GodwCh00,234.3
12,D.J. Moore,CAR,24,WR,17,17,163,93,57.10%,1157,12.4,4,60,64,7.1,5.5,68.1,1,MoorD.00,230.7
13,Travis Kelce*,KAN,32,TE,16,16,134,92,68.70%,1125,12.2,9,63,69,8.4,5.8,70.3,1,KelcTr00,256.5
14,Marquise Brown,BAL,24,WR,16,16,146,91,62.30%,1008,11.1,6,41,49,6.9,5.7,63,3,BrowMa04,221.8
15,Brandin Cooks,HOU,28,WR,16,16,134,90,67.20%,1037,11.5,6,45,52,7.7,5.6,64.8,0,CookBr00,229.7
16,Amon-Ra St. Brown,DET,22,WR,17,9,119,90,75.60%,912,10.1,5,48,37,7.7,5.3,53.6,0,StxxAm00,211.2
17,Michael Pittman Jr.,IND,24,WR,17,17,129,88,68.20%,1082,12.3,6,54,57,8.4,5.2,63.6,1,PittMi01,230.2
18,Jakobi Meyers,NWE,25,WR,17,16,126,83,65.90%,866,10.4,2,42,39,6.9,4.9,50.9,1,MeyeJa01,179.6
19,Cole Beasley,BUF,32,WR,16,8,112,82,73.20%,693,8.5,1,34,29,6.2,5.1,43.3,1,BeasCo00,155.3
20,Ja'Marr Chase*,CIN,21,WR,17,17,128,81,63.30%,1455,18,13,56,82,11.4,4.8,85.6,2,ChasJa00,300.5
21,Darnell Mooney,CHI,24,WR,17,14,140,81,57.90%,1055,13,4,49,64,7.5,4.8,62.1,0,MoonDa00,210.5
22,CeeDee Lamb*,DAL,22,WR,16,13,120,79,65.80%,1102,13.9,6,54,49,9.2,4.9,68.9,0,LambCe00,225.2
23,Dalton Schultz,DAL,25,TE,17,15,104,78,75.00%,808,10.4,8,43,32,7.8,4.6,47.5,0,SchuDa00,206.8
24,Christian Kirk,ARI,25,WR,17,11,103,77,74.80%,982,12.8,5,44,50,9.5,4.5,57.8,0,KirkCh01,205.2
25,Terry McLaurin,WAS,26,WR,17,17,130,77,59.20%,1053,13.7,5,47,46,8.1,4.5,61.9,0,McLaTe00,212.3
26,Deebo Samuel*+,SFO,25,WR,16,15,121,77,63.60%,1405,18.2,6,51,83,11.6,4.8,87.8,4,SamuDe00,245.5
27,Mike Williams,LAC,27,WR,16,14,129,76,58.90%,1146,15.1,9,51,72,8.9,4.8,71.6,0,WillMi07,244.6
28,D.K. Metcalf,SEA,24,WR,17,17,129,75,58.10%,967,12.9,12,48,84,7.5,4.4,56.9,1,MetcDK00,241.7
29,Zach Ertz,2TM,31,te,17,14,112,74,66.10%,763,10.3,5,40,47,6.8,4.4,44.9,0,ErtzZa00,180.3
30,Mike Evans*,TAM,28,WR,16,16,114,74,64.90%,1035,14,14,56,46,9.1,4.6,64.7,0,EvanMi00,261.5
31,Najee Harris*,PIT,23,RB,17,17,94,74,78.70%,467,6.3,3,22,25,5,4.4,27.5,0,HarrNa00,138.7
32,Tee Higgins,CIN,22,WR,14,14,110,74,67.30%,1091,14.7,6,53,54,9.9,5.3,77.9,1,HiggTe00,217.1
33,Mike Gesicki,MIA,26,TE,17,9,112,73,65.20%,780,10.7,2,39,40,7,4.3,45.9,0,GesiMi00,163
34,Marvin Jones,JAX,31,WR,17,16,120,73,60.80%,832,11.4,4,42,33,6.9,4.3,48.9,0,JoneMa02,180.2
35,Tyler Lockett,SEA,29,WR,16,16,107,73,68.20%,1175,16.1,8,41,69,11,4.6,73.4,0,LockTy00,238.5
36,George Kittle*,SFO,28,TE,14,14,94,71,75.50%,910,12.8,6,42,48,9.7,5.1,65,2,KittGe00,194
37,Austin Ekeler,LAC,26,RB,16,16,94,70,74.50%,647,9.2,8,31,40,6.9,4.4,40.4,4,EkelAu00,174.7
38,Leonard Fournette,TAM,26,RB,14,13,84,69,82.10%,454,6.6,2,30,23,5.4,4.9,32.4,1,FourLe00,124.4
39,Amari Cooper,DAL,27,WR,15,14,104,68,65.40%,865,12.7,8,45,41,8.3,4.5,57.7,1,CoopAm00,200.5
40,Noah Fant,DEN,24,TE,16,16,90,68,75.60%,670,9.9,4,29,35,7.4,4.3,41.9,0,FantNo00,159
41,Kyle Pitts*,ATL,21,TE,17,15,110,68,61.80%,1026,15.1,1,43,61,9.3,4,60.4,0,PittKy00,176.6
42,Tyler Boyd,CIN,27,wr,16,10,94,67,71.30%,828,12.4,5,37,68,8.8,4.2,51.8,1,BoydTy00,177.8
43,Adam Thielen,MIN,31,WR,13,13,95,67,70.50%,726,10.8,10,37,35,7.6,5.2,55.8,1,ThieAd00,197.6
44,Russell Gage,ATL,25,WR,14,9,94,66,70.20%,770,11.7,4,37,49,8.2,4.7,55,2,GageRu00,163
45,DeVonta Smith,PHI,23,WR,17,16,104,64,61.50%,916,14.3,5,43,46,8.8,3.8,53.9,1,SmitDe07,183.6
46,A.J. Brown,TEN,24,WR,13,13,105,63,60.00%,869,13.8,5,45,57,8.3,4.8,66.8,0,BrowAJ00,179.9
47,Laviska Shenault Jr.,JAX,23,WR,16,10,100,63,63.00%,619,9.8,0,30,58,6.2,3.9,38.7,1,ShenLa00,122.9
48,D'Andre Swift,DET,22,rb,13,4,78,62,79.50%,452,7.3,2,18,63,5.8,4.8,34.8,2,SwifDA00,115.2
49,Tyler Conklin,MIN,26,TE,17,15,87,61,70.10%,593,9.7,3,26,40,6.8,3.6,34.9,1,ConkTy00,136.3
50,Tyler Higbee,LAR,28,TE,15,15,85,61,71.80%,560,9.2,5,33,37,6.6,4.1,37.3,1,HigbTy00,145
51,T.J. Hockenson,DET,24,TE,12,12,84,61,72.60%,583,9.6,4,32,33,6.9,5.1,48.6,0,HockTJ00,143.3
52,Pat Freiermuth,PIT,23,TE,16,9,79,60,75.90%,497,8.3,7,34,24,6.3,3.8,31.1,1,FreiPa00,149.7
53,Cole Kmet,CHI,22,TE,17,17,93,60,64.50%,612,10.2,0,29,25,6.6,3.5,36,0,KmetCo00,121.2
54,Chase Claypool,PIT,23,WR,15,13,105,59,56.20%,860,14.6,2,35,59,8.2,3.9,57.3,0,ClayCh01,157
55,Mecole Hardman,KAN,23,WR,17,8,83,59,71.10%,693,11.7,2,33,53,8.3,3.5,40.8,3,HardMe00,134.3
56,Courtland Sutton,DEN,26,WR,17,16,98,58,59.20%,776,13.4,2,35,55,7.9,3.4,45.6,0,SuttCo00,147.6
57,Brandon Aiyuk,SFO,23,WR,17,16,84,56,66.70%,826,14.8,5,37,43,9.8,3.3,48.6,2,AiyuBr00,164.6
58,Dallas Goedert,PHI,26,TE,15,14,76,56,73.70%,830,14.8,4,42,45,10.9,3.7,55.3,1,GoedDa00,161
59,Kendrick Bourne,NWE,26,wr,17,5,70,55,78.60%,800,14.5,5,27,75,11.4,3.2,47.1,1,BourKe00,163
60,Rob Gronkowski,TAM,32,TE,12,12,89,55,61.80%,802,14.6,6,34,42,9,4.6,66.8,0,GronRo00,171.2
61,Darren Waller,LVR,29,TE,11,11,93,55,59.10%,665,12.1,2,31,33,7.2,5,60.5,0,WallDa01,133.5
62,A.J. Green,ARI,33,WR,16,9,92,54,58.70%,848,15.7,3,37,42,9.2,3.4,53,0,GreeA.00,156.8
63,Josh Jacobs,LVR,23,RB,15,14,64,54,84.40%,348,6.4,0,14,29,5.4,3.6,23.2,2,JacoJo01,84.8
64,Rondale Moore,ARI,21,wr,14,7,64,54,84.40%,435,8.1,1,18,77,6.8,3.9,31.1,3,MoorRo02,97.5
65,Robbie Anderson,CAR,28,WR,17,16,110,53,48.20%,519,9.8,5,27,57,4.7,3.1,30.5,0,AndeRo04,134.9
66,Tim Patrick,DEN,28,WR,16,16,85,53,62.40%,734,13.8,5,39,44,8.6,3.3,45.9,0,PatrTi00,156.4
67,Aaron Jones,GNB,27,RB,15,15,65,52,80.00%,391,7.5,6,22,26,6,3.5,26.1,2,JoneAa00,123.1
68,Jarvis Landry,CLE,29,WR,12,12,87,52,59.80%,570,11,2,30,38,6.6,4.3,47.5,3,LandJa00,115
69,Cordarrelle Patterson,ATL,30,RB,16,13,69,52,75.40%,548,10.5,5,26,64,7.9,3.3,34.3,2,PattCo00,132.8
70,Jamison Crowder,NYJ,28,wr,12,4,71,51,71.80%,447,8.8,2,24,29,6.3,4.3,37.3,1,CrowJa00,105.7
71,Hunter Henry,NWE,27,te,17,10,75,50,66.70%,603,12.1,9,34,35,8,2.9,35.5,0,HenrHu00,164.3
72,Van Jefferson,LAR,25,WR,17,17,89,50,56.20%,802,16,6,32,79,9,2.9,47.2,0,JeffVa00,166.2
73,K.J. Osborn,MIN,24,wr,17,9,82,50,61.00%,655,13.1,7,26,64,8,2.9,38.5,0,OsboKJ00,157.5
74,Myles Gaskin,MIA,24,RB,17,10,63,49,77.80%,234,4.8,4,13,24,3.7,2.9,13.8,2,GaskMy00,92.4
75,Dawson Knox,BUF,25,TE,15,14,71,49,69.00%,587,12,9,31,53,8.3,3.3,39.1,0,KnoxDa00,161.7
76,C.J. Uzomah,CIN,28,TE,16,16,63,49,77.80%,493,10.1,5,24,55,7.8,3.1,30.8,0,UzomC.00,128.3
77,Jared Cook,LAC,34,TE,16,10,83,48,57.80%,564,11.8,4,31,42,6.8,3,35.3,0,CookJa02,128.4
78,Gerald Everett,SEA,27,TE,15,12,63,48,76.20%,478,10,4,26,41,7.6,3.2,31.9,2,EverGe00,115.8
79,Kalif Raymond,DET,27,WR,16,14,71,48,67.60%,576,12,4,28,75,8.1,3,36,0,RaymKa00,129.6
80,Ezekiel Elliott,DAL,26,RB,17,17,65,47,72.30%,287,6.1,2,17,21,4.4,2.8,16.9,1,ElliEz00,85.7
81,Zay Jones,LVR,26,WR,17,9,70,47,67.10%,546,11.6,1,29,43,7.8,2.8,32.1,1,JoneZa00,105.6
82,Alvin Kamara*,NOR,26,RB,13,10,67,47,70.10%,439,9.3,5,20,31,6.6,3.6,33.8,0,KamaAl00,120.9
83,Darrel Williams,KAN,26,rb,17,7,57,47,82.50%,452,9.6,2,19,38,7.9,2.8,26.6,0,WillDa10,104.2
84,Rashod Bateman,BAL,22,wr,12,4,68,46,67.60%,515,11.2,1,29,36,7.6,3.8,42.9,0,BateRa00,103.5
85,Braxton Berrios+,NYJ,26,wr,16,1,65,46,70.80%,431,9.4,2,21,46,6.6,2.9,26.9,1,BerrBr00,99.1
86,Marquez Callaway,NOR,23,WR,17,11,84,46,54.80%,698,15.2,6,32,58,8.3,2.7,41.1,0,CallMa01,151.8
87,Evan Engram,NYG,27,TE,15,12,73,46,63.00%,408,8.9,3,21,30,5.6,3.1,27.2,1,EngrEv00,102.8
88,Cedrick Wilson Jr.,DAL,26,wr,16,4,61,45,73.80%,602,13.4,6,27,73,9.9,2.8,37.6,3,WilsCe01,135.2
89,Robert Woods,LAR,29,WR,9,9,69,45,65.20%,556,12.4,4,34,28,8.1,5,61.8,0,WoodRo02,124.6
90,Odell Beckham Jr.,2TM,29,wr,14,13,82,44,53.70%,537,12.2,5,27,54,6.5,3.1,38.4,0,BeckOd00,127.7
91,Mike Davis,ATL,28,rb,17,8,58,44,75.90%,259,5.9,1,12,20,4.5,2.6,15.2,4,DaviMi01,67.9
92,Chase Edmonds,ARI,25,RB,12,11,53,43,81.10%,311,7.2,0,11,36,5.9,3.6,25.9,1,EdmoCh00,72.1
93,J.D. McKissic,WAS,28,wr,11,3,53,43,81.10%,397,9.2,2,15,56,7.5,3.9,36.1,0,McKiJ.00,94.7
94,Elijah Moore,NYJ,21,wr,11,6,77,43,55.80%,538,12.5,5,24,62,7,3.9,48.9,0,MoorEl00,126.8
95,Quez Watkins,PHI,23,WR,17,12,62,43,69.40%,647,15,1,25,91,10.4,2.5,38.1,0,WatkQu00,113.7
96,Javonte Williams,DEN,21,rb,17,1,53,43,81.10%,316,7.3,3,12,42,6,2.5,18.6,2,WillJa10,88.6
97,Antonio Brown,TAM,33,wr,7,3,62,42,67.70%,545,13,4,29,62,8.8,6,77.9,0,BrowAn04,120.5
98,Antonio Gibson,WAS,23,RB,16,14,52,42,80.80%,294,7,3,12,73,5.7,2.6,18.4,6,GibsAn00,77.4
99,DeAndre Hopkins,ARI,29,WR,10,10,64,42,65.60%,572,13.6,8,32,55,8.9,4.2,57.2,0,HopkDe00,147.2
100,Joe Mixon*,CIN,25,RB,16,16,48,42,87.50%,314,7.5,3,11,52,6.5,2.6,19.6,2,MixoJo00,87.4
101,David Montgomery,CHI,24,RB,13,13,51,42,82.40%,301,7.2,0,18,16,5.9,3.2,23.2,1,MontDa01,70.1
102,Byron Pringle,KAN,28,wr,17,5,60,42,70.00%,568,13.5,5,32,40,9.5,2.5,33.4,2,PrinBy00,124.8
103,Emmanuel Sanders,BUF,34,WR,14,13,72,42,58.30%,626,14.9,4,31,41,8.7,3,44.7,0,SandEm00,128.6
104,Saquon Barkley,NYG,24,RB,13,13,57,41,71.90%,263,6.4,2,13,54,4.6,3.2,20.2,2,BarkSa00,75.3
105,Brandon Bolden,NWE,31,rb,17,1,49,41,83.70%,405,9.9,2,21,28,8.3,2.4,23.8,1,BoldBr00,91.5
106,Adam Humphries,WAS,28,WR,17,11,62,41,66.10%,383,9.3,0,23,27,6.2,2.4,22.5,0,HumpAd00,79.3
107,Devontae Booker,NYG,29,rb,16,4,45,40,88.90%,268,6.7,1,11,41,6,2.5,16.8,0,BookDe00,72.8
108,Nyheim Hines,IND,25,rb,17,4,57,40,70.20%,310,7.8,1,15,36,5.4,2.4,18.2,3,HineNy00,71
109,Allen Lazard,GNB,26,WR,15,13,60,40,66.70%,513,12.8,8,28,42,8.6,2.7,34.2,0,LazaAl00,139.3
110,DeVante Parker,MIA,28,WR,10,8,73,40,54.80%,515,12.9,2,29,42,7.1,4,51.5,0,ParkDe01,103.5
111,Devin Singletary,BUF,24,RB,17,16,50,40,80.00%,228,5.7,1,11,19,4.6,2.4,13.4,5,SingDe00,58.8
112,Jonathan Taylor*+,IND,22,RB,17,17,51,40,78.40%,360,9,2,12,76,7.1,2.4,21.2,4,TaylJo02,80
113,Ray-Ray McCloud,PIT,25,wr,16,5,66,39,59.10%,277,7.1,0,18,24,4.2,2.4,17.3,4,McClRa00,58.7
114,Tony Pollard,DAL,24,rb,15,0,46,39,84.80%,337,8.6,0,15,32,7.3,2.6,22.5,2,PollTo00,68.7
115,Kadarius Toney,NYG,22,wr,10,4,57,39,68.40%,420,10.8,0,21,38,7.4,3.9,42,0,ToneKa00,81
116,Ameer Abdullah,2TM,28,rb,17,1,53,38,71.70%,289,7.6,1,13,23,5.5,2.2,17,0,AbduAm00,72.9
117,Austin Hooper,CLE,27,TE,16,16,61,38,62.30%,345,9.1,3,18,34,5.7,2.4,21.6,0,HoopAu00,90.5
118,Jerry Jeudy,DEN,22,wr,10,5,56,38,67.90%,467,12.3,0,22,40,8.3,3.8,46.7,1,JeudJe00,82.7
119,Zach Pascal,IND,27,WR,16,13,69,38,55.10%,384,10.1,3,16,41,5.6,2.4,24,1,PascZa00,92.4
120,Allen Robinson,CHI,28,WR,12,11,66,38,57.60%,410,10.8,1,22,39,6.2,3.2,34.2,0,RobiAl02,85
121,Nick Westbrook-Ikhine,TEN,24,wr,16,7,57,38,66.70%,476,12.5,4,23,46,8.4,2.4,29.8,1,WestNi00,107.6
122,Nelson Agholor,NWE,28,WR,15,13,64,37,57.80%,473,12.8,3,23,44,7.4,2.5,31.5,0,AghoNe00,102.3
123,James Conner*,ARI,26,rb,15,6,39,37,94.90%,375,10.1,3,18,45,9.6,2.5,25,2,ConnJa00,88.5
124,Kenny Golladay,NYG,28,WR,14,14,76,37,48.70%,521,14.1,0,27,36,6.9,2.6,37.2,0,GollKe00,89.1
125,Christian McCaffrey,CAR,25,rb,7,7,41,37,90.20%,343,9.3,1,21,32,8.4,5.3,49,1,McCaCh01,75.3
126,Michael Carter,NYJ,22,RB,14,11,55,36,65.50%,325,9,0,16,23,5.9,2.6,23.2,1,CartMi03,66.5
127,Deonte Harty,NOR,24,wr,13,1,59,36,61.00%,570,15.8,3,23,72,9.7,2.8,43.8,2,HarrDe07,107
128,Tyler Johnson,TAM,23,wr,17,3,55,36,65.50%,360,10,0,14,31,6.5,2.1,21.2,0,JohnTy00,72
129,David Njoku,CLE,25,TE,16,11,53,36,67.90%,475,13.2,4,17,71,9,2.3,29.7,0,NjokDa00,107.5
130,Sterling Shepard,NYG,28,WR,7,6,53,36,67.90%,366,10.2,1,19,37,6.9,5.1,52.3,0,ShepSt00,78.6
131,Dan Arnold,2TM,26,te,11,4,52,35,67.30%,408,11.7,0,20,28,7.8,3.2,37.1,1,ArnoDa00,73.8
132,Gabriel Davis,BUF,22,wr,16,4,63,35,55.60%,549,15.7,6,29,49,8.7,2.2,34.3,0,DaviGa01,125.9
133,Michael Gallup,DAL,25,wr,9,8,62,35,56.50%,445,12.7,2,23,41,7.2,3.9,49.4,0,GallMi00,91.5
134,Dalvin Cook*,MIN,26,RB,13,13,49,34,69.40%,224,6.6,0,9,24,4.6,2.6,17.2,3,CookDa01,50.4
135,Corey Davis,NYJ,26,WR,9,9,59,34,57.60%,492,14.5,4,23,53,8.3,3.8,54.7,2,DaviCo03,103.2
136,AJ Dillon,GNB,23,rb,17,2,37,34,91.90%,313,9.2,2,15,50,8.5,2,18.4,2,DillAJ00,73.3
137,Bryan Edwards,LVR,23,WR,16,12,59,34,57.60%,571,16.8,3,26,51,9.7,2.1,35.7,1,EdwaBr01,107.1
138,Anthony Firkser,TEN,26,fb,15,1,43,34,79.10%,291,8.6,2,15,24,6.8,2.3,19.4,2,FirkAn00,71.1
139,Devonta Freeman,BAL,29,RB,16,8,42,34,81.00%,190,5.6,1,9,15,4.5,2.1,11.9,0,FreeDe00,59
140,Ty Johnson,NYJ,24,rb,16,3,55,34,61.80%,372,10.9,2,20,23,6.8,2.1,23.3,2,JohnTy02,79.2
141,Donovan Peoples-Jones,CLE,22,WR,14,9,58,34,58.60%,597,17.6,3,26,60,10.3,2.4,42.6,2,PeopDo00,107.7
142,Durham Smythe,MIA,26,TE,17,12,41,34,82.90%,357,10.5,0,15,25,8.7,2,21,0,SmytDu00,69.7
143,Nico Collins,HOU,22,wr,14,8,60,33,55.00%,446,13.5,1,22,32,7.4,2.4,31.9,0,CollNi00,83.6
144,Devin Duvernay*+,BAL,24,wr,16,7,47,33,70.20%,272,8.2,2,14,21,5.8,2.1,17,1,DuveDe00,70.2
145,Kenneth Gainwell,PHI,22,rb,16,1,50,33,66.00%,253,7.7,1,14,19,5.1,2.1,15.8,2,GainKe00,60.3
146,Albert Okwuegbunam,DEN,23,TE,14,6,40,33,82.50%,330,10,2,15,64,8.3,2.4,23.6,1,OkwuAl00,76
147,Josh Palmer,LAC,23,WR,17,5,49,33,67.30%,353,10.7,4,18,36,7.2,1.9,20.8,0,PalmJo00,92.3
148,Jalen Reagor,PHI,22,WR,17,13,57,33,57.90%,299,9.1,2,13,34,5.2,1.9,17.6,2,ReagJa00,70.9
149,Laquon Treadwell,JAX,26,wr,12,7,51,33,64.70%,434,13.2,1,22,41,8.5,2.8,36.2,0,TreaLa00,82.4
150,David Johnson,HOU,30,rb,13,4,42,32,76.20%,225,7,1,11,16,5.4,2.5,17.3,1,JohnDa08,58.5
151,Alexander Mattison,MIN,23,rb,16,4,39,32,82.10%,228,7.1,1,10,24,5.8,2,14.3,1,MattAl01,58.8
152,Tre'Quan Smith,NOR,25,WR,11,6,50,32,64.00%,377,11.8,3,18,34,7.5,2.9,34.3,1,SmitTr03,85.7
153,Jalen Guyton,LAC,24,wr,16,2,48,31,64.60%,448,14.5,3,21,59,9.3,1.9,28,1,GuytJa01,91.8
154,Julio Jones,TEN,32,WR,10,10,48,31,64.60%,434,14,1,19,51,9,3.1,43.4,0,JoneJu02,80.4
155,Calvin Ridley,ATL,27,wr,5,5,52,31,59.60%,281,9.1,2,16,22,5.4,6.2,56.2,0,RidlCa00,71.1
156,James Robinson,JAX,23,RB,14,13,46,31,67.40%,222,7.2,0,9,26,4.8,2.2,15.9,4,RobiJa00,45.2
157,Geoff Swaim,TEN,28,TE,16,16,40,31,77.50%,210,6.8,3,12,26,5.3,1.9,13.1,0,SwaiGe00,70
158,Olamide Zaccheaus,ATL,24,WR,17,8,53,31,58.50%,406,13.1,3,22,49,7.7,1.8,23.9,0,ZaccOl01,89.6
159,Cameron Brate,TAM,30,te,17,3,57,30,52.60%,245,8.2,4,15,18,4.3,1.8,14.4,0,BratCa00,78.5
160,Kenyan Drake,LVR,27,rb,12,2,40,30,75.00%,291,9.7,1,12,31,7.3,2.5,24.3,1,DrakKe00,63.1
161,Kyle Juszczyk*,SFO,30,FB,17,16,38,30,78.90%,296,9.9,1,16,26,7.8,1.8,17.4,0,JuszKy00,65.6
162,Foster Moreau,LVR,24,te,17,11,44,30,68.20%,373,12.4,3,16,44,8.5,1.8,21.9,1,MoreFo00,83.3
163,Chester Rogers,TEN,27,wr,16,2,43,30,69.80%,301,10,1,12,39,7,1.9,18.8,4,RogeCh02,58.1
164,Ricky Seals-Jones,WAS,26,te,13,6,49,30,61.20%,271,9,2,14,39,5.5,2.3,20.8,0,SealRi00,69.1
165,Jack Doyle,IND,31,TE,17,14,43,29,67.40%,302,10.4,3,18,34,7,1.7,17.8,0,DoylJa00,77.2
166,Darrell Henderson,LAR,24,RB,12,10,40,29,72.50%,176,6.1,3,8,25,4.4,2.4,14.7,0,HendDa00,64.6
167,Josh Reynolds,2TM,26,wr,12,5,49,29,59.20%,396,13.7,2,21,39,8.1,2.4,33,0,ReynJo00,80.6
168,Randall Cobb,GNB,31,wr,12,3,39,28,71.80%,375,13.4,5,21,54,9.6,2.3,31.3,1,CobbRa00,93.5
169,Keelan Cole,NYJ,28,WR,15,11,51,28,54.90%,449,16,1,20,54,8.8,1.9,29.9,0,ColeKe00,78.9
170,Melvin Gordon,DEN,28,RB,16,16,38,28,73.70%,213,7.6,2,9,30,5.6,1.8,13.3,3,GordMe00,55.3
171,Jeremy McNichols,TEN,26,rb,14,0,38,28,73.70%,240,8.6,1,11,27,6.3,2,17.1,0,McNiJe00,58
172,Jonnu Smith,NWE,26,TE,16,11,45,28,62.20%,294,10.5,1,15,28,6.5,1.8,18.4,1,SmitJo01,61.4
173,Ryan Griffin,NYJ,31,TE,14,12,42,27,64.30%,261,9.7,2,14,29,6.2,1.9,18.6,1,GrifRy00,63.1
174,Mark Ingram,2TM,32,rb,14,10,35,27,77.10%,162,6,0,9,34,4.6,1.9,11.6,1,IngrMa01,41.2
175,Samaje Perine,CIN,26,rb,16,0,31,27,87.10%,196,7.3,1,9,23,6.3,1.7,12.3,0,PeriSa00,52.6
176,Adam Trautman,NOR,24,TE,13,10,43,27,62.80%,263,9.7,2,13,32,6.1,2.1,20.2,1,TrauAd00,63.3
177,Sammy Watkins,BAL,28,WR,13,9,49,27,55.10%,394,14.6,1,17,49,8,2.1,30.3,1,WatkSa00,70.4
178,Damiere Byrd,CHI,28,wr,17,4,38,26,68.40%,329,12.7,1,18,54,8.7,1.5,19.4,1,ByrdDa00,62.9
179,Hayden Hurst,ATL,28,te,13,5,31,26,83.90%,221,8.5,3,11,33,7.1,2,17,3,HursHa00,60.1
180,Kyle Rudolph,NYG,32,TE,16,13,39,26,66.70%,257,9.9,1,12,60,6.6,1.6,16.1,0,RudoKy00,57.7
181,Miles Sanders,PHI,24,RB,12,12,34,26,76.50%,158,6.1,0,6,25,4.6,2.2,13.2,1,SandMi01,39.8
182,Darius Slayton,NYG,24,wr,13,5,58,26,44.80%,339,13,2,14,42,5.8,2,26.1,1,SlayDa01,69.9
183,Marquez Valdes-Scantling,GNB,27,WR,11,7,55,26,47.30%,430,16.5,3,18,75,7.8,2.4,39.1,0,ValdMa00,87
184,Jamaal Williams,DET,26,RB,13,11,28,26,92.90%,157,6,0,6,15,5.6,2,12.1,1,WillJa06,39.7
185,Rex Burkhead,HOU,31,rb,16,5,32,25,78.10%,186,7.4,0,9,20,5.8,1.6,11.6,1,BurkRe00,41.6
186,Josiah Deguara,GNB,24,te,16,2,33,25,75.80%,245,9.8,2,9,62,7.4,1.6,15.3,0,DeguJo00,61.5
187,Chuba Hubbard,CAR,22,RB,17,10,37,25,67.60%,174,7,1,8,33,4.7,1.5,10.2,1,HubbCh01,46.4
188,Demarcus Robinson,KAN,27,WR,17,10,41,25,61.00%,264,10.6,3,13,33,6.4,1.5,15.5,0,RobiDe01,69.4
189,Tajae Sharpe,ATL,27,wr,15,7,37,25,67.60%,230,9.2,0,14,17,6.2,1.7,15.3,0,SharTa00,48
190,Freddie Swain,SEA,23,wr,17,8,40,25,62.50%,343,13.7,4,12,68,8.6,1.5,20.2,1,SwaiFr00,81.3
191,Albert Wilson,MIA,29,wr,14,5,39,25,64.10%,213,8.5,0,10,64,5.5,1.8,15.2,0,WilsAl02,46.3
192,Jamal Agnew,JAX,26,db,10,2,39,24,61.50%,229,9.5,1,14,29,5.9,2.4,22.9,1,AgneJa00,50.9
193,Jordan Akins,HOU,29,te,13,3,33,24,72.70%,214,8.9,0,11,31,6.5,1.8,16.5,2,AkinJo00,41.4
194,Mo Alie-Cox,IND,28,te,17,7,45,24,53.30%,316,13.2,4,14,37,7,1.4,18.6,1,AlieMo00,77.6
195,Danny Amendola,HOU,36,wr,8,0,38,24,63.20%,248,10.3,3,10,39,6.5,3,31,1,AmenDa00,64.8
196,Tavon Austin,JAX,31,wr,13,3,37,24,64.90%,213,8.9,1,11,25,5.8,1.8,16.4,1,AustTa00,49.3
197,DeAndre Carter,WAS,28,wr,17,6,44,24,54.50%,296,12.3,3,17,26,6.7,1.4,17.4,3,CartDe02,65.6
198,Rashard Higgins,CLE,27,wr,15,4,47,24,51.10%,275,11.5,1,16,21,5.9,1.6,18.3,0,HiggRa00,57.5
199,Jauan Jennings,SFO,24,wr,16,1,38,24,63.20%,282,11.8,5,15,34,7.4,1.5,17.6,1,JennJa00,80.2
200,James O'Shaughnessy,JAX,29,TE,7,6,34,24,70.60%,244,10.2,0,10,30,7.2,3.4,34.9,0,O'ShJa00,48.4
201,Henry Ruggs III,LVR,22,wr,7,7,36,24,66.70%,469,19.5,2,16,61,13,3.4,67,0,RuggHe00,82.9
202,James Washington,PIT,25,wr,15,2,44,24,54.50%,285,11.9,2,9,42,6.5,1.6,19,0,WashJa00,64.5
203,Giovani Bernard,TAM,30,rb,12,0,29,23,79.30%,123,5.3,3,8,32,4.2,1.9,10.3,1,BernGi00,51.3
204,Pharaoh Brown,HOU,27,TE,15,12,34,23,67.60%,171,7.4,0,6,29,5,1.5,11.4,1,BrowPh01,38.1
205,Jamycal Hasty,SFO,25,rb,11,0,29,23,79.30%,157,6.8,0,7,23,5.4,2.1,14.3,2,HastJa02,34.7
206,T.Y. Hilton,IND,32,WR,10,9,37,23,62.20%,331,14.4,3,15,52,8.9,2.3,33.1,0,HiltT.00,74.1
207,Marcedes Lewis,GNB,37,TE,17,17,28,23,82.10%,214,9.3,0,10,23,7.6,1.4,12.6,1,LewiMa00,42.4
208,Zack Moss,BUF,24,rb,13,0,32,23,71.90%,197,8.6,1,12,24,6.2,1.8,15.2,2,MossZa00,44.7
209,Chris Conley,HOU,29,WR,16,10,37,22,59.50%,323,14.7,2,15,41,8.7,1.4,20.2,1,ConlCh00,64.3
210,Kareem Hunt,CLE,26,rb,8,1,27,22,81.50%,174,7.9,0,10,23,6.4,2.8,21.8,0,HuntKa00,39.4
211,Justin Jackson,LAC,25,rb,14,2,25,22,88.00%,178,8.1,0,8,25,7.1,1.6,12.7,1,JackJu01,37.8
212,Harrison Bryant,CLE,23,te,16,3,28,21,75.00%,233,11.1,3,14,41,8.3,1.3,14.6,0,BryaHa00,62.3
213,DeeJay Dallas,SEA,23,rb,17,0,23,21,91.30%,133,6.3,0,4,29,5.8,1.2,7.8,1,DallDe00,32.3
214,Will Dissly,SEA,25,TE,15,14,26,21,80.80%,231,11,1,11,39,8.9,1.4,15.4,1,DissWi00,48.1
215,Sony Michel,LAR,26,rb,17,7,33,21,63.60%,128,6.1,1,6,24,3.9,1.2,7.5,1,MichSo00,37.8
216,Chris Moore,HOU,28,wr,12,1,22,21,95.50%,227,10.8,2,6,67,10.3,1.8,18.9,0,MoorCh00,55.7
217,John Bates,WAS,24,TE,17,8,25,20,80.00%,249,12.5,1,11,32,10,1.2,14.6,1,BateJo00,48.9
218,Nick Chubb*,CLE,26,RB,14,14,25,20,80.00%,174,8.7,1,9,40,7,1.4,12.4,2,ChubNi00,39.4
219,Marquise Goodwin,CHI,31,wr,14,2,40,20,50.00%,313,15.7,1,12,50,7.8,1.4,22.4,1,GoodMa00,55.3
220,DeSean Jackson,2TM,35,wr,16,4,34,20,58.80%,454,22.7,2,12,75,13.4,1.3,28.4,1,JackDe00,75.4
221,Brevin Jordan,HOU,21,te,9,2,28,20,71.40%,178,8.9,3,10,27,6.4,2.2,19.8,0,JordBr00,55.8
222,Isaiah McKenzie,BUF,26,wr,15,2,26,20,76.90%,178,8.9,1,13,28,6.8,1.3,11.9,2,McKeIs00,39.8
223,Donald Parham,LAC,24,te,14,9,27,20,74.10%,190,9.5,3,13,22,7,1.4,13.6,0,ParhDo00,57
224,Tommy Tremble,CAR,21,TE,16,11,35,20,57.10%,180,9,1,10,30,5.1,1.3,11.3,0,TremTo00,44
225,Clyde Edwards-Helaire,KAN,22,RB,10,10,23,19,82.60%,129,6.8,2,8,29,5.6,1.9,12.9,2,EdwaCl00,39.9
226,Zach Gentry,PIT,25,TE,17,12,25,19,76.00%,167,8.8,0,11,25,6.7,1.1,9.8,0,GentZa00,35.7
227,Dontrell Hilliard,TEN,26,rb,8,5,26,19,73.10%,87,4.6,0,7,28,3.3,2.4,10.9,2,HillDo00,23.7
228,D'Ernest Johnson,CLE,25,rb,17,2,25,19,76.00%,137,7.2,0,7,18,5.5,1.1,8.1,1,JohnDE04,30.7
229,Elijah Mitchell,SFO,23,RB,11,10,20,19,95.00%,137,7.2,1,6,14,6.9,1.7,12.5,0,MitcEl00,38.7
230,Antoine Wesley,ARI,24,wr,15,4,32,19,59.40%,208,10.9,3,9,33,6.5,1.3,13.9,0,WeslAn01,57.8
231,Demetric Felton,CLE,23,wr,16,2,21,18,85.70%,181,10.1,2,10,33,8.6,1.1,11.3,4,FeltDe00,40.1
232,Damien Harris,NWE,24,RB,15,15,21,18,85.70%,132,7.3,0,4,21,6.3,1.2,8.8,2,HarrDa06,27.2
233,Derrick Henry,TEN,27,RB,8,8,20,18,90.00%,154,8.6,0,7,16,7.7,2.3,19.3,1,HenrDe00,31.4
234,Ian Thomas,CAR,25,TE,17,13,30,18,60.00%,188,10.4,0,6,41,6.3,1.1,11.1,0,ThomIa00,36.8
235,Logan Thomas,WAS,30,te,6,6,25,18,72.00%,196,10.9,3,10,35,7.8,3,32.7,1,ThomLo00,53.6
236,Robert Tonyan,GNB,27,te,8,5,29,18,62.10%,204,11.3,2,10,33,7,2.3,25.5,0,TonyRo00,50.4
237,Brandon Zylstra,CAR,28,wr,13,3,25,18,72.00%,250,13.9,1,10,55,10,1.4,19.2,0,ZylsBr00,49
238,C.J. Ham,MIN,28,FB,17,8,18,17,94.40%,125,7.4,0,6,27,6.9,1,7.4,0,HamxC.00,29.5
239,Terrace Marshall Jr.,CAR,21,wr,13,3,30,17,56.70%,138,8.1,0,7,23,4.6,1.3,10.6,0,MarsTe00,30.8
240,Stephen Anderson,LAC,28,te,17,4,19,16,84.20%,165,10.3,1,9,34,8.7,0.9,9.7,0,AndeSt01,38.5
241,Noah Brown,DAL,25,wr,13,1,25,16,64.00%,184,11.5,0,6,27,7.4,1.2,14.2,0,BrowNo00,34.4
242,Travis Homer,SEA,23,rb,14,0,20,16,80.00%,161,10.1,0,8,31,8.1,1.1,11.5,0,HomeTr00,32.1
243,Tyler Kroft,NYJ,29,te,9,6,25,16,64.00%,173,10.8,1,9,26,6.9,1.8,19.2,0,KrofTy00,39.3
244,Ty Montgomery,NOR,28,wr,14,3,26,16,61.50%,95,5.9,0,5,21,3.7,1.1,6.8,0,MontTy01,25.5
245,James Proche,BAL,25,wr,14,0,20,16,80.00%,202,12.6,0,10,32,10.1,1.1,14.4,0,ProcJa00,36.2
246,Damien Williams,CHI,29,rb,12,2,23,16,69.60%,103,6.4,1,3,23,4.5,1.3,8.6,0,WillDa05,32.3
247,Maxx Williams,ARI,27,te,5,5,17,16,94.10%,193,12.1,1,9,34,11.4,3.2,38.6,0,WillMa04,41.3
248,Quintez Cephus,DET,23,wr,5,3,22,15,68.20%,204,13.6,2,9,46,9.3,3,40.8,0,CephQu00,47.4
249,Chris Evans,CIN,24,rb,14,1,17,15,88.20%,151,10.1,2,6,24,8.9,1.1,10.8,0,EvanCh02,42.1
250,Kendall Hinton,DEN,24,wr,16,1,23,15,65.20%,175,11.7,1,10,40,7.6,0.9,10.9,0,HintKe00,38.5
251,Mohamed Sanu,SFO,32,wr,8,0,24,15,62.50%,177,11.8,0,12,21,7.4,1.9,22.1,0,SanuMo00,32.7
252,Cam Sims,WAS,25,wr,14,3,23,15,65.20%,211,14.1,2,11,43,9.2,1.1,15.1,0,SimsCa00,48.1
253,JuJu Smith-Schuster,PIT,25,wr,5,5,28,15,53.60%,129,8.6,0,6,24,4.6,3,25.8,0,SmitJu00,27.9
254,Jimmy Graham,CHI,35,te,15,6,23,14,60.90%,167,11.9,3,10,28,7.3,0.9,11.1,0,GrahJi00,48.7
255,Khalil Herbert,CHI,23,rb,17,2,16,14,87.50%,96,6.9,0,6,20,6,0.8,5.6,1,HerbKh00,21.6
256,Mack Hollins,MIA,28,wr,17,3,28,14,50.00%,223,15.9,4,11,65,8,0.8,13.1,0,HollMa00,60.3
257,O.J. Howard,TAM,27,TE,17,9,21,14,66.70%,135,9.6,1,10,21,6.4,0.8,7.9,0,HowaO.00,33.5
258,MyCole Pruitt,TEN,29,te,16,9,18,14,77.80%,145,10.4,3,10,22,8.1,0.9,9.1,0,PruiMy00,46.5
259,Rhamondre Stevenson,NWE,23,rb,12,2,18,14,77.80%,123,8.8,0,3,41,6.8,1.2,10.3,2,StevRh00,22.3
260,Ashton Dulin,IND,24,wr,17,1,22,13,59.10%,173,13.3,2,9,62,7.9,0.8,10.2,0,DuliAs00,42.3
261,KhaDarel Hodge,DET,26,wr,16,1,27,13,48.10%,157,12.1,0,7,42,5.8,0.8,9.8,0,HodgKh00,28.7
262,Lil'Jordan Humphrey,NOR,23,wr,10,4,18,13,72.20%,249,19.2,2,9,56,13.8,1.3,24.9,0,HumpLi01,49.9
263,Juwan Johnson,NOR,25,wr,14,2,22,13,59.10%,159,12.2,4,12,27,7.2,0.9,11.4,0,JohnJu02,52.9
264,Jerick McKinnon,KAN,29,rb,13,0,20,13,65.00%,107,8.2,1,6,14,5.4,1,8.2,0,McKiJe00,29.7
265,Dare Ogunbowale,JAX,27,rb,17,2,21,13,61.90%,114,8.8,1,3,28,5.4,0.8,6.7,0,OgunDa00,30.4
266,Boston Scott,PHI,26,rb,16,4,16,13,81.30%,83,6.4,0,3,19,5.2,0.8,5.2,1,ScotBo02,19.3
267,Salvon Ahmed,MIA,23,rb,12,0,19,12,63.20%,117,9.8,0,4,18,6.2,1,9.8,0,AhmeSa01,23.7
268,Dyami Brown,WAS,22,WR,15,6,25,12,48.00%,165,13.8,0,6,48,6.6,0.8,11,0,BrowDy00,28.5
269,Eric Ebron,PIT,28,te,8,3,18,12,66.70%,84,7,1,6,19,4.7,1.5,10.5,0,EbroEr00,26.4
270,Isaiah Ford,MIA,25,wr,13,2,17,12,70.60%,161,13.4,2,7,52,9.5,0.9,12.4,0,FordIs00,40.1
271,N'Keal Harry,NWE,24,wr,12,4,22,12,54.50%,184,15.3,0,7,43,8.4,1,15.3,1,HarrNK00,28.4
272,Carlos Hyde,JAX,31,rb,12,2,21,12,57.10%,65,5.4,0,1,9,3.1,1,5.4,2,HydeCa00,14.5
273,Jalen Richard,LVR,28,rb,10,0,14,12,85.70%,72,6,0,4,19,5.1,1.2,7.2,0,RichJa01,19.2
274,Adam Shaheen,MIA,27,te,12,7,16,12,75.00%,110,9.2,0,5,21,6.9,1,9.2,0,ShahAd00,23
275,Malik Turner,DAL,25,wr,14,0,16,12,75.00%,149,12.4,3,8,61,9.3,0.9,10.6,0,TurnMa00,44.9
276,James White,NWE,29,rb,3,0,14,12,85.70%,94,7.8,0,5,28,6.7,4,31.3,0,WhitJa02,21.4
277,Brock Wright,DET,23,te,10,5,17,12,70.60%,117,9.8,2,6,36,6.9,1.2,11.7,0,WrigBr01,35.7
278,Tevin Coleman,NYJ,28,rb,11,5,16,11,68.80%,49,4.5,0,2,11,3.1,1,4.5,0,ColeTe01,15.9
279,Kylen Granson,IND,23,te,17,0,15,11,73.30%,106,9.6,0,4,27,7.1,0.6,6.2,0,GranKy00,21.6
280,Jakeem Grant*,2TM,29,wr,15,0,17,11,64.70%,132,12,2,7,46,7.8,0.7,8.8,3,GranJa00,30.2
281,Blake Jarwin,DAL,27,TE,8,5,17,11,64.70%,96,8.7,2,5,20,5.6,1.4,12,0,JarwBl00,32.6
282,Collin Johnson,NYG,24,wr,12,1,21,11,52.40%,105,9.5,0,6,16,5,0.9,8.8,0,JohnCo01,21.5
283,Breshad Perriman,TAM,28,wr,6,0,18,11,61.10%,167,15.2,1,5,58,9.3,1.8,27.8,0,PerrBr02,33.7
284,John Ross,NYG,26,wr,10,1,20,11,55.00%,224,20.4,1,8,51,11.2,1.1,22.4,1,RossJo00,37.4
285,Drew Sample,CIN,25,TE,17,8,15,11,73.30%,81,7.4,0,3,19,5.4,0.6,4.8,0,SampDr00,19.1
286,Ben Skowronek,LAR,24,wr,14,1,20,11,55.00%,133,12.1,0,7,35,6.7,0.8,9.5,0,SkowBe00,24.3
287,Peyton Barber,LVR,27,rb,10,1,13,10,76.90%,67,6.7,0,3,23,5.2,1,6.7,2,BarbPe01,12.7
288,Trinity Benson,DET,24,wr,8,2,22,10,45.50%,103,10.3,0,4,24,4.7,1.3,12.9,0,BensTr00,20.3
289,Parris Campbell,IND,24,wr,6,3,20,10,50.00%,162,16.2,1,7,51,8.1,1.7,27,0,CampPa00,32.2
290,D'Wayne Eskridge,SEA,24,wr,10,0,20,10,50.00%,64,6.4,1,4,17,3.2,1,6.4,0,EskrDW00,22.4
291,Royce Freeman,2TM,25,rb,15,0,16,10,62.50%,77,7.7,0,4,12,4.8,0.7,5.1,0,FreeRo00,17.7
292,Cyril Grayson,TAM,28,wr,5,3,12,10,83.30%,212,21.2,2,8,62,17.7,2,42.4,0,GrayCy01,43.2
293,Alec Ingold,LVR,25,fb,9,3,12,10,83.30%,85,8.5,1,4,29,7.1,1.1,9.4,0,IngoAl01,24.5
294,Ronald Jones II,TAM,24,rb,16,3,13,10,76.90%,64,6.4,0,2,15,4.9,0.6,4,2,JoneRo01,12.4
295,Latavius Murray,BAL,31,rb,14,6,13,10,76.90%,75,7.5,0,2,18,5.8,0.7,5.4,0,MurrLa00,17.5
296,Jaret Patterson,WAS,22,rb,17,1,11,10,90.90%,73,7.3,0,5,12,6.6,0.6,4.3,1,PattJa01,15.3
297,Dante Pettis,NYG,26,wr,3,0,16,10,62.50%,87,8.7,1,5,27,5.4,3.3,29,1,PettDa00,22.7
298,Anthony Schwartz,CLE,21,wr,14,2,23,10,43.50%,135,13.5,1,6,44,5.9,0.7,9.6,0,SchwAn00,29.5
299,Dede Westbrook,MIN,28,wr,15,0,15,10,66.70%,68,6.8,0,3,17,4.5,0.7,4.5,2,WestDe00,12.8
300,Blake Bell,KAN,30,te,16,5,13,9,69.20%,87,9.7,0,4,24,6.7,0.6,5.4,0,BellBl00,17.7
301,Alex Collins,SEA,27,rb,11,6,10,9,90.00%,87,9.7,0,3,28,8.7,0.8,7.9,1,CollAl00,15.7
302,D'Onta Foreman,TEN,25,rb,9,3,11,9,81.80%,123,13.7,0,6,39,11.2,1,13.7,2,ForeDO00,17.3
303,Jacob Hollister,JAX,28,te,7,2,14,9,64.30%,55,6.1,1,2,11,3.9,1.3,7.9,0,HollJa03,20.5
304,Marcus Johnson,TEN,27,wr,7,3,19,9,47.40%,160,17.8,0,7,50,8.4,1.3,22.9,0,JohnMa07,25
305,Dax Milne,WAS,22,wr,13,1,14,9,64.30%,83,9.2,0,4,22,5.9,0.7,6.4,1,MilnDa00,15.3
306,Josh Oliver,BAL,24,te,14,1,15,9,60.00%,66,7.3,0,4,19,4.4,0.6,4.7,1,OlivJo00,13.6
307,Elijhaa Penny,NYG,28,rb,17,3,13,9,69.20%,30,3.3,1,4,16,2.3,0.5,1.8,0,PennEl00,18
308,Trent Sherfield,SFO,25,wr,17,1,20,9,45.00%,87,9.7,1,7,18,4.4,0.5,5.1,0,SherTr00,23.7
309,Keith Smith,ATL,29,FB,17,8,10,9,90.00%,56,6.2,0,3,11,5.6,0.5,3.3,0,SmitKe03,14.6
310,Lee Smith,ATL,34,te,16,6,11,9,81.80%,65,7.2,1,3,22,5.9,0.6,4.1,0,SmitLe00,21.5
311,Equanimeous St. Brown,GNB,25,wr,13,2,17,9,52.90%,98,10.9,0,6,26,5.8,0.7,7.5,0,St.BEq00,18.8
312,Tommy Sweeney,BUF,26,te,13,3,12,9,75.00%,44,4.9,1,3,13,3.7,0.7,3.4,1,SweeTo00,17.4
313,Nick Vannett,NOR,28,te,7,2,15,9,60.00%,133,14.8,1,7,30,8.9,1.3,19,0,VannNi00,28.3
314,Ty'Son Williams,BAL,25,rb,13,3,12,9,75.00%,84,9.3,0,4,21,7,0.7,6.5,1,WillTy01,15.4
315,Derrick Gore,KAN,27,rb,11,0,9,8,88.90%,105,13.1,0,3,50,11.7,0.7,9.5,0,GoreDe00,18.5
316,Denzel Mims,NYJ,24,wr,11,3,23,8,34.80%,133,16.6,0,5,40,5.8,0.7,12.1,0,MimsDe00,21.3
317,Patrick Ricard*,BAL,27,FB,13,11,13,8,61.50%,63,7.9,1,3,22,4.8,0.6,4.8,0,RicaPa00,20.3
318,Eric Saubert,DEN,27,te,17,4,12,8,66.70%,47,5.9,1,2,11,3.9,0.5,2.8,0,SaubEr00,18.7
319,Jeff Smith,NYJ,24,wr,12,3,17,8,47.10%,113,14.1,0,6,35,6.6,0.7,9.4,0,SmitJe03,19.3
320,Juwann Winfree,GNB,25,wr,7,0,13,8,61.50%,58,7.3,0,5,12,4.5,1.1,8.3,2,WinfJu00,9.8
321,Matt Breida,BUF,26,rb,9,0,9,7,77.80%,72,10.3,2,4,23,8,0.8,8,1,BreiMa00,24.2
322,DJ Chark,JAX,25,wr,4,4,22,7,31.80%,154,22,2,7,41,7,1.8,38.5,0,CharDJ00,34.4
323,Phillip Dorsett,3TM,28,wr,6,0,14,7,50.00%,110,15.7,0,3,36,7.9,1.2,18.3,0,DorsPh00,18
324,Luke Farrell,JAX,24,te,15,4,11,7,63.60%,56,8,0,3,21,5.1,0.5,3.7,1,FarrLu00,10.6
325,Noah Gray,KAN,22,te,16,1,10,7,70.00%,36,5.1,1,2,8,3.6,0.4,2.3,0,GrayNo00,16.6
326,Penny Hart,SEA,25,wr,17,0,12,7,58.30%,59,8.4,0,3,16,4.9,0.4,3.5,0,HartPe01,12.9
327,Godwin Igwebuike,DET,27,db,17,1,10,7,70.00%,60,8.6,0,4,18,6,0.4,3.5,2,IgweGo00,9
328,Jesse James,CHI,27,TE,14,9,8,7,87.50%,62,8.9,1,3,19,7.8,0.5,4.4,0,JameJe00,19.2
329,Craig Reynolds,DET,25,rb,5,2,8,7,87.50%,52,7.4,0,3,14,6.5,1.4,10.4,0,ReynCr00,12.2
330,Greg Ward,PHI,26,wr,17,0,11,7,63.60%,95,13.6,3,4,27,8.6,0.4,5.6,0,WardGr02,34.5
331,Jeff Wilson,SFO,26,rb,9,4,8,7,87.50%,31,4.4,0,1,11,3.9,0.8,3.4,1,WilsJe01,8.1
332,Eno Benjamin,ARI,22,rb,9,0,7,6,85.70%,42,7,0,4,12,6,0.7,4.7,0,BenjEn00,10.2
333,Chris Carson,SEA,27,rb,4,4,6,6,100.00%,29,4.8,0,1,16,4.8,1.5,7.3,1,CarsCh00,6.9
334,Corey Clement,DAL,27,rb,17,0,7,6,85.70%,29,4.8,1,1,8,4.1,0.4,1.7,0,ClemCo00,14.9
335,Jaelon Darden,TAM,22,wr,9,0,12,6,50.00%,43,7.2,0,1,29,3.6,0.7,4.8,0,DardJa00,10.3
336,Tom Kennedy,DET,25,wr,12,0,10,6,60.00%,54,9,0,2,15,5.4,0.5,4.5,0,KennTo01,11.4
337,Chris Manhertz,JAX,29,TE,17,10,9,6,66.70%,71,11.8,1,4,22,7.9,0.4,4.2,0,ManhCh00,19.1
338,Tre' McKitty,LAC,22,te,11,4,8,6,75.00%,45,7.5,0,3,12,5.6,0.5,4.1,0,McKiTr00,10.5
339,Anthony Miller,2TM,27,wr,3,1,12,6,50.00%,25,4.2,1,3,10,2.1,2,8.3,0,MillAn02,14.5
340,Rashaad Penny,SEA,25,RB,10,6,8,6,75.00%,48,8,0,3,27,6,0.6,4.8,0,PennRa00,10.8
341,Curtis Samuel,WAS,25,wr,5,1,9,6,66.70%,27,4.5,0,4,10,3,1.2,5.4,0,SamuCu00,8.7
342,Shi Smith,CAR,23,wr,6,0,11,6,54.50%,104,17.3,0,3,63,9.5,1,17.3,0,SmitSh03,16.4
343,Kenny Stills,NOR,29,wr,13,4,23,6,26.10%,68,11.3,1,4,22,3,0.5,5.2,0,StilKe00,18.8
344,Preston Williams,MIA,24,wr,8,3,16,6,37.50%,71,11.8,0,3,34,4.4,0.8,8.9,0,WillPr01,13.1
345,Antony Auclair,HOU,28,TE,16,13,5,5,100.00%,47,9.4,1,2,15,9.4,0.3,2.9,0,AuclAn00,15.7
346,Le'Veon Bell,2TM,29,rb,8,0,7,5,71.40%,30,6,1,3,15,4.3,0.6,3.8,0,BellLe00,14
347,Dez Fitzpatrick,TEN,24,wr,4,0,8,5,62.50%,49,9.8,1,4,18,6.1,1.3,12.3,0,FitzDe00,15.9
348,Joe Fortson,KAN,26,wr,6,0,5,5,100.00%,47,9.4,2,3,27,9.4,0.8,7.8,0,FortJo01,21.7
349,Josh Gordon,KAN,30,wr,12,7,14,5,35.70%,32,6.4,1,3,11,2.3,0.4,2.7,0,GordJo02,14.2
350,KJ Hamler,DEN,22,wr,3,2,10,5,50.00%,74,14.8,0,4,28,7.4,1.7,24.7,0,HamlKJ00,12.4
351,Parker Hesse,ATL,26,de,8,1,6,5,83.30%,43,8.6,0,3,17,7.2,0.6,5.4,0,HessPa00,9.3
352,Tony Jones,NOR,24,rb,11,4,8,5,62.50%,29,5.8,0,2,19,3.6,0.5,2.6,0,JoneTo04,7.9
353,Joshua Kelley,LAC,24,rb,10,0,6,5,83.30%,38,7.6,0,1,17,6.3,0.5,3.8,1,KellJo01,6.8
354,Scott Miller,TAM,24,wr,9,0,9,5,55.60%,38,7.6,0,2,13,4.2,0.6,4.2,0,MillSc01,8.8
355,Colby Parkinson,SEA,22,te,14,1,8,5,62.50%,33,6.6,0,2,12,4.1,0.4,2.4,0,ParkCo02,8.3
356,Rodney Smith,CAR,25,rb,2,0,5,5,100.00%,48,9.6,0,2,17,9.6,2.5,24,0,SmitRo08,9.8
357,Ihmir Smith-Marsette,MIN,22,wr,8,1,6,5,83.30%,116,23.2,2,4,44,19.3,0.6,14.5,0,SmitIh00,28.6
358,Mike Thomas,CIN,27,wr,12,1,11,5,45.50%,52,10.4,0,3,19,4.7,0.4,4.3,0,ThomMi04,10.2
359,Cody White,PIT,23,wr,15,0,6,5,83.30%,33,6.6,0,3,11,5.5,0.3,2.2,0,WhitCo05,8.3
360,Charlie Woerner,SFO,24,te,17,3,6,5,83.30%,52,10.4,0,3,27,8.7,0.3,3.1,0,WoerCh00,10.2
361,Christian Blake,ATL,25,wr,16,0,9,4,44.40%,25,6.3,0,2,8,2.8,0.3,1.6,0,BlakCh00,6.5
362,Kendall Blanton,LAR,26,te,11,2,7,4,57.10%,37,9.3,0,2,23,5.3,0.4,3.4,1,BlanKe01,5.7
363,C.J. Board,NYG,28,wr,6,1,6,4,66.70%,51,12.8,0,3,38,8.5,0.7,8.5,0,BoarC.00,9.1
364,Ja'Marcus Bradley,CLE,25,wr,5,0,4,4,100.00%,64,16,0,2,37,16,0.8,12.8,0,BradJa01,10.4
365,Jason Cabinda,DET,25,lb,14,4,7,4,57.10%,16,4,1,2,6,2.3,0.3,1.1,0,CabiJa00,11.6
366,Pharoh Cooper,NYG,26,wr,8,0,11,4,36.40%,33,8.3,0,1,15,3,0.5,4.1,0,CoopPh00,7.3
367,Tyler Davis,GNB,24,te,14,0,5,4,80.00%,35,8.8,0,1,22,7,0.3,2.5,0,DaviTy02,7.5
368,Ross Dwelley,SFO,26,te,17,2,5,4,80.00%,51,12.8,1,2,21,10.2,0.2,3,0,DwelRo00,15.1
369,Darren Fells,2TM,35,te,9,5,5,4,80.00%,43,10.8,0,2,24,8.6,0.4,4.8,0,FellDa01,8.3
370,Will Fuller,MIA,27,wr,2,0,8,4,50.00%,26,6.5,0,3,10,3.3,2,13,0,FullWi01,6.6
371,Garrett Griffin,NOR,27,TE,13,6,4,4,100.00%,39,9.8,0,2,14,9.8,0.3,3,1,GrifGa00,5.9
372,Chris Herndon,MIN,25,fb,16,5,7,4,57.10%,40,10,1,4,17,5.7,0.3,2.5,0,HernCh00,14
373,Taysom Hill,NOR,31,qb,12,9,6,4,66.70%,52,13,0,4,15,8.7,0.3,4.3,2,HillTa00,5.2
374,Chris Hogan,NOR,34,wr,5,1,8,4,50.00%,41,10.3,1,2,16,5.1,0.8,8.2,0,HogaCh00,14.1
375,Cody Hollister,TEN,28,wr,3,1,7,4,57.10%,33,8.3,0,4,14,4.7,1.3,11,0,HollCo00,7.3
376,Jermar Jefferson,DET,21,rb,7,0,5,4,80.00%,23,5.8,0,2,11,4.6,0.6,3.3,0,JeffJe00,6.3
377,Duke Johnson,MIA,28,rb,5,4,5,4,80.00%,41,10.3,0,3,20,8.2,0.8,8.2,0,JohnDu00,8.1
378,Jakob Johnson,NWE,27,FB,17,6,5,4,80.00%,43,10.8,0,2,29,8.6,0.2,2.5,0,JohnJa12,8.3
379,Phillip Lindsay,2TM,27,rb,14,1,5,4,80.00%,45,11.3,1,1,22,9,0.3,3.2,0,LindPh00,14.5
380,Sean McKeon,DAL,24,te,9,2,6,4,66.70%,27,6.8,1,2,12,4.5,0.4,3,0,McKeSe01,12.7
381,Kene Nwangwu,MIN,23,rb,11,0,5,4,80.00%,9,2.3,0,0,6,1.8,0.4,0.8,0,NwanKe00,4.9
382,Qadree Ollison,ATL,25,rb,8,0,6,4,66.70%,12,3,0,1,8,2,0.5,1.5,1,OlliQa00,3.2
383,Adrian Peterson,2TM,36,rb,4,3,4,4,100.00%,8,2,0,0,5,2,1,2,1,PeteAd01,2.8
384,Amari Rodgers,GNB,22,wr,16,1,8,4,50.00%,45,11.3,0,2,19,5.6,0.3,2.8,2,RodgAm00,4.5
385,Wendell Smallwood,WAS,27,rb,3,0,5,4,80.00%,22,5.5,0,0,7,4.4,1.3,7.3,0,SmalWe00,6.2
386,Willie Snead,2TM,29,wr,9,0,8,4,50.00%,38,9.5,0,3,15,4.8,0.4,4.2,0,SneaWi00,7.8
387,Jack Stoll,PHI,23,te,16,5,5,4,80.00%,22,5.5,0,0,9,4.4,0.3,1.4,0,StolJa00,6.2
388,J.J. Taylor,NWE,23,rb,5,0,4,4,100.00%,8,2,0,0,5,2,0.8,1.6,1,TaylJJ01,2.8
389,Ke'Shawn Vaughn,TAM,24,rb,12,1,8,4,50.00%,26,6.5,0,1,8,3.3,0.3,2.2,0,VaugKe00,6.6
390,Kristian Wilkerson,NWE,24,wr,3,1,8,4,50.00%,42,10.5,2,2,20,5.3,1.3,14,0,WilkKr00,20.2
391,Jonathan Williams,WAS,27,rb,5,0,6,4,66.70%,28,7,0,2,19,4.7,0.8,5.6,0,WillJo07,6.8
392,Cam Akers,LAR,22,rb,1,0,3,3,100.00%,10,3.3,0,0,6,3.3,3,10,0,AkerCa00,4
393,Ryquell Armstead,JAX,25,rb,2,0,4,3,75.00%,16,5.3,0,1,9,4,1.5,8,0,ArmsRy00,4.6
394,Malcolm Brown,MIA,28,rb,7,3,5,3,60.00%,10,3.3,0,0,7,2,0.4,1.4,0,BrowMa03,4
395,Michael Burton,KAN,29,rb,16,0,3,3,100.00%,31,10.3,0,2,20,10.3,0.2,1.9,0,BurtMi00,6.1
396,Greg Dortch,ARI,23,wr,5,2,3,3,100.00%,15,5,0,0,10,5,0.6,3,0,DortGr01,4.5
397,Alex Erickson,CAR,29,wr,17,0,4,3,75.00%,55,18.3,0,2,25,13.8,0.2,3.2,0,EricAl01,8.5
398,Reggie Gilliam,BUF,24,fb,16,5,5,3,60.00%,23,7.7,0,0,8,4.6,0.2,1.4,0,GillRe00,5.3
399,Demetrius Harris,ARI,30,te,14,4,6,3,50.00%,10,3.3,0,0,7,1.7,0.2,0.7,0,HarrDe03,4
400,K.J. Hill,LAC,24,cb,6,0,3,3,100.00%,30,10,0,1,19,10,0.5,5,0,HillKJ00,6
401,Tommy Hudson,TEN,24,te,5,0,6,3,50.00%,31,10.3,0,2,14,5.2,0.6,6.2,0,HudsTo00,6.1
402,Tyree Jackson,PHI,24,qb,9,3,7,3,42.90%,22,7.3,1,2,13,3.1,0.3,2.4,0,JackTy01,11.2
403,Andy Janovich,CLE,28,rb,13,3,4,3,75.00%,9,3,0,1,3,2.3,0.2,0.7,0,JanoAn00,3.9
404,Keith Kirkwood,CAR,27,wr,3,0,7,3,42.90%,17,5.7,0,1,7,2.4,1,5.7,0,KirkKe00,4.7
405,Patrick Laird,MIA,26,rb,6,0,3,3,100.00%,17,5.7,0,2,10,5.7,0.5,2.8,0,LairPa00,4.7
406,D.J. Montgomery,NYJ,25,wr,3,0,6,3,50.00%,36,12,0,2,14,6,1,12,0,MontDJ01,6.6
407,Jason Moore,LAC,26,wr,2,1,4,3,75.00%,56,18.7,0,3,24,14,1.5,28,0,MoorJa02,8.6
408,Chris Myarick,NYG,26,te,8,3,6,3,50.00%,17,5.7,1,2,10,2.8,0.4,2.1,0,MyarCh00,10.7
409,Gabe Nabers,LAC,24,fb,10,1,3,3,100.00%,17,5.7,0,0,8,5.7,0.3,1.7,0,NabeGa00,4.7
410,Adam Prentice,NOR,24,fb,7,3,3,3,100.00%,16,5.3,0,1,10,5.3,0.4,2.3,0,PrenAd00,4.6
411,Jaylen Samuels,HOU,25,te,3,0,4,3,75.00%,14,4.7,0,1,6,3.5,1,4.7,0,SamuJa00,4.4
412,Trey Sermon,SFO,22,rb,9,2,4,3,75.00%,26,8.7,0,1,23,6.5,0.3,2.9,0,SermTr00,5.6
413,Kaden Smith,NYG,24,te,9,4,3,3,100.00%,33,11,0,1,21,11,0.3,3.7,0,SmitKa00,6.3
414,Jeremy Sprinkle,DAL,27,te,17,4,3,3,100.00%,31,10.3,0,2,11,10.3,0.2,1.8,0,SpriJe00,6.1
415,Auden Tate,CIN,24,wr,7,0,4,3,75.00%,39,13,1,3,18,9.8,0.4,5.6,0,TateAu00,12.9
416,Jonathan Ward,ARI,24,rb,13,0,4,3,75.00%,34,11.3,0,1,23,8.5,0.2,2.6,0,WardJo00,6.4
417,Derek Watt,PIT,29,rb,17,4,3,3,100.00%,15,5,0,0,9,5,0.2,0.9,0,WattDe00,4.5
418,Trevon Wesco,NYJ,26,TE,12,7,5,3,60.00%,35,11.7,0,2,19,7,0.3,2.9,0,WescTr00,6.5
419,Mitchell Wilcox,CIN,25,te,15,1,5,3,60.00%,16,5.3,0,0,8,3.2,0.2,1.1,0,WilcMi01,4.6
420,Shane Zylstra,DET,25,te,4,0,7,3,42.90%,34,11.3,0,2,16,4.9,0.8,8.5,0,ZylsSh00,6.4
421,JJ Arcega-Whiteside,PHI,25,wr,16,2,5,2,40.00%,36,18,0,2,23,7.2,0.1,2.3,0,ArceJJ00,5.6
422,Kalen Ballage,PIT,26,rb,17,0,7,2,28.60%,8,4,0,0,6,1.1,0.1,0.5,0,BallKa00,2.8
423,Cameron Batson,TEN,26,wr,4,0,5,2,40.00%,15,7.5,1,2,13,3,0.5,3.8,0,BatsCa00,9.5
424,Khari Blasingame,TEN,25,rb,11,3,2,2,100.00%,4,2,0,0,5,2,0.2,0.4,1,BlasKh00,0.4
425,Reggie Bonnafon,CAR,25,rb,4,0,2,2,100.00%,12,6,0,1,6,6,0.5,3,0,BonnRe00,3.2
426,Mike Boone,DEN,26,rb,8,0,2,2,100.00%,22,11,0,1,19,11,0.3,2.8,0,BoonMi00,4.2
427,Daniel Brown,NYJ,29,wr,12,0,2,2,100.00%,29,14.5,0,1,24,14.5,0.2,2.4,0,BrowDa04,4.9
428,Derek Carrier,LVR,31,te,5,1,2,2,100.00%,13,6.5,0,0,9,6.5,0.4,2.6,0,CarrDe00,3.3
429,Cethan Carter,MIA,26,te,16,1,2,2,100.00%,16,8,0,0,8,8,0.1,1,0,CartCe00,3.6
430,Dominique Dafney,GNB,24,te,10,2,4,2,50.00%,34,17,0,2,26,8.5,0.2,3.4,0,DafnDo00,5.4
431,Taylor Decker,DET,28,ta,9,9,2,2,100.00%,4,2,1,1,6,2,0.2,0.4,0,DeckTa00,8.4
432,Darrynton Evans,TEN,23,rb,1,0,2,2,100.00%,11,5.5,0,1,6,5.5,2,11,0,EvanDa02,3.1
433,Jesper Horsted,CHI,24,wr,7,0,3,2,66.70%,21,10.5,2,2,19,7,0.3,3,0,HorsJe00,16.1
434,Jordan Howard,PHI,27,rb,7,0,5,2,40.00%,19,9.5,0,2,10,3.8,0.3,2.7,0,HowaJo00,3.9
435,Trenton Irwin,CIN,26,wr,7,0,5,2,40.00%,34,17,0,1,25,6.8,0.3,4.9,0,IrwiTr00,5.4
436,Tyron Johnson,2TM,25,wr,10,0,5,2,40.00%,16,8,0,1,10,3.2,0.2,1.6,0,JohnTy03,3.6
437,Marcus Kemp,KAN,26,wr,16,0,5,2,40.00%,24,12,0,1,16,4.8,0.1,1.5,0,KempMa00,4.4
438,Jake Kumerow,BUF,29,wr,15,2,6,2,33.30%,28,14,0,2,15,4.7,0.1,1.9,0,KumeJa00,4.8
439,Marlon Mack,IND,25,rb,6,0,5,2,40.00%,8,4,0,0,7,1.6,0.3,1.3,0,MackMa00,2.8
440,Racey McMath,TEN,22,wr,9,0,6,2,33.30%,8,4,0,0,9,1.3,0.2,0.9,1,McMaRa00,0.8
441,Jaydon Mickens,2TM,27,wr,11,0,3,2,66.70%,10,5,0,1,12,3.3,0.2,0.9,1,MickJa01,1
442,Stanley Morgan Jr.,CIN,25,wr,17,1,4,2,50.00%,11,5.5,0,0,8,2.8,0.1,0.6,0,MorgSt02,3.1
443,Dazz Newsome,CHI,22,wr,3,1,5,2,40.00%,23,11.5,0,1,13,4.6,0.7,7.7,0,NewsDa00,4.3
444,Gunner Olszewski,NWE,25,wr,16,0,3,2,66.70%,31,15.5,0,2,22,10.3,0.1,1.9,3,OlszGu00,-0.9
445,Dezmon Patmon,IND,23,wr,8,0,4,2,50.00%,21,10.5,1,1,14,5.3,0.3,2.6,0,PatmDe00,10.1
446,Scottie Phillips,HOU,24,rb,3,0,3,2,66.70%,9,4.5,0,0,8,3,0.7,3,0,PhilSc01,2.9
447,Kevin Rader,PIT,26,te,6,1,3,2,66.70%,8,4,0,0,7,2.7,0.3,1.3,0,RadeKe00,2.8
448,Trey Ragas,LVR,25,rb,1,0,2,2,100.00%,6,3,0,0,4,3,2,6,0,RagaTr00,2.6
449,Richard Rodgers,PHI,29,te,3,0,2,2,100.00%,11,5.5,0,0,9,5.5,0.7,3.7,0,RodgRi00,3.1
450,C.J. Saunders,CAR,25,wr,2,0,2,2,100.00%,11,5.5,0,1,8,5.5,1,5.5,0,SaunCJ00,3.1
451,David Sills,NYG,25,wr,4,1,6,2,33.30%,17,8.5,0,1,12,2.8,0.5,4.3,0,SillDa01,3.7
452,Benny Snell Jr.,PIT,23,rb,17,0,4,2,50.00%,13,6.5,0,0,7,3.3,0.1,0.8,0,SnelBe00,3.3
453,Johnny Stanton,CLE,27,rb,4,0,2,2,100.00%,7,3.5,1,1,6,3.5,0.5,1.8,0,StanJo02,8.7
454,Luke Stocker,MIN,33,te,12,0,2,2,100.00%,12,6,0,0,7,6,0.2,1,0,StocLu00,3.2
455,Mike Strachan,IND,24,wr,6,0,3,2,66.70%,26,13,0,2,16,8.7,0.3,4.3,0,StraMi03,4.6
456,Malik Taylor,GNB,26,wr,10,0,3,2,66.70%,14,7,0,1,7,4.7,0.2,1.4,1,TaylMa01,1.4
457,Patrick Taylor,GNB,23,rb,9,0,2,2,100.00%,3,1.5,0,1,3,1.5,0.2,0.3,0,TaylPa01,2.3
458,Trent Taylor,CIN,27,wr,4,0,3,2,66.70%,41,20.5,0,2,26,13.7,0.5,10.3,0,TaylTr02,6.1
459,Tylan Wallace,BAL,22,wr,17,1,6,2,33.30%,23,11.5,0,1,18,3.8,0.1,1.4,0,WallTy00,4.3
460,Austin Walter,NYJ,25,rb,4,0,3,2,66.70%,9,4.5,0,1,11,3,0.5,2.3,0,WaltAu00,2.9
461,Dwayne Washington,NOR,27,rb,14,0,2,2,100.00%,12,6,0,0,6,6,0.1,0.9,0,WashDw00,3.2
462,Tyrell Williams,DET,29,wr,1,1,3,2,66.70%,14,7,0,1,7,4.7,2,14,0,WillTy00,3.4
463,Ethan Wolf,NOR,26,te,2,1,2,2,100.00%,8,4,0,0,4,4,1,4,0,WolfEt00,2.8
464,Kenny Yeboah,NYJ,23,te,9,0,3,2,66.70%,36,18,0,2,24,12,0.2,4,0,YeboKe00,5.6
465,Alex Armah,2TM,27,fb,11,2,1,1,100.00%,1,1,1,1,1,1,0.1,0.1,0,ArmaAl00,7.1
466,Nick Bawden,NYJ,25,rb,9,1,1,1,100.00%,20,20,0,1,20,20,0.1,2.2,0,BawdNi00,3
467,Nick Bellore,SEA,32,lb,17,0,1,1,100.00%,4,4,0,0,4,4,0.1,0.2,0,BellNi01,1.4
468,Tarik Black,NYJ,23,wr,1,0,2,1,50.00%,10,10,0,1,10,5,1,10,0,BlacTa00,2
469,Miles Boykin,BAL,25,wr,8,0,1,1,100.00%,6,6,0,0,6,6,0.1,0.8,0,BoykMi00,1.6
470,Nick Boyle,BAL,28,te,5,3,2,1,50.00%,2,2,0,0,2,1,0.2,0.4,0,BoylNi00,1.2
471,Garrett Bradbury,MIN,26,C,13,13,1,1,100.00%,21,21,0,1,21,21,0.1,1.6,0,BradGa00,3.1
472,Gary Brightwell,NYG,22,rb,13,0,1,1,100.00%,6,6,0,0,6,6,0.1,0.5,0,BrigGa00,1.6
473,Keke Coutee,IND,24,wr,2,0,1,1,100.00%,5,5,0,0,5,5,0.5,2.5,0,CoutKe00,1.5
474,Darrell Daniels,ARI,27,te,15,4,4,1,25.00%,0,0,0,0,0,0,0.1,0,0,DaniDa02,1
475,Frank Darby,ATL,24,wr,10,0,4,1,25.00%,14,14,0,1,14,3.5,0.1,1.4,0,DarbFr00,2.4
476,Davion Davis,HOU,25,wr,2,1,3,1,33.30%,17,17,0,1,17,5.7,0.5,8.5,0,DaviDa03,2.7
477,Wayne Gallman,2TM,27,rb,8,0,3,1,33.30%,21,21,0,1,21,7,0.1,2.6,0,GallWa00,3.1
478,Marvin Hall,ATL,28,wr,2,0,1,1,100.00%,10,10,0,1,10,10,0.5,5,0,HallMa02,2
479,Taylor Heinicke,WAS,28,QB,16,15,1,1,100.00%,-2,-2,0,0,-2,-2,0.1,-0.1,7,HeinTa00,-13.2
480,Daniel Helm,LVR,26,te,9,1,2,1,50.00%,-1,-1,0,0,0,-0.5,0.1,-0.1,0,HelmDa01,0.9
481,Kylin Hill,GNB,23,rb,8,0,2,1,50.00%,5,5,0,0,5,2.5,0.1,0.6,0,HillKy00,1.5
482,Amani Hooker,TEN,23,FS,12,12,1,1,100.00%,6,6,0,1,6,6,0.1,0.5,0,HookAm00,1.6
483,Brycen Hopkins,LAR,24,te,5,0,1,1,100.00%,9,9,0,1,9,9,0.2,1.8,0,HopkBr01,1.9
484,Andy Isabella,ARI,25,wr,8,0,1,1,100.00%,13,13,0,1,13,13,0.1,1.6,0,IsabAn00,2.3
485,Lane Johnson,PHI,31,ta,13,13,1,1,100.00%,5,5,1,1,5,5,0.1,0.4,0,JohnLa01,7.5
486,Daniel Jones,NYG,24,QB,11,11,1,1,100.00%,16,16,0,1,16,16,0.1,1.5,7,JoneDa05,-11.4
487,Tommylee Lewis,MIA,29,wr,2,0,2,1,50.00%,7,7,0,1,7,3.5,0.5,3.5,0,LewiTo00,1.7
488,Drew Lock,DEN,25,qb,6,3,1,1,100.00%,1,1,0,0,1,1,0.2,0.2,2,LockDr00,-2.9
489,Hunter Long,MIA,23,te,7,2,3,1,33.30%,8,8,0,0,8,2.7,0.1,1.1,0,LongHu00,1.8
490,Conor McDermott,NYJ,29,ta,6,3,1,1,100.00%,1,1,1,1,1,1,0.2,0.2,0,McDeCo00,7.1
491,Anthony McFarland Jr.,PIT,22,rb,2,0,1,1,100.00%,11,11,0,1,11,11,0.5,5.5,0,McFaAn00,2.1
492,Kirk Merritt,MIA,24,wr,2,0,3,1,33.30%,13,13,0,1,13,4.3,0.5,6.5,0,MerrKi00,2.3
493,Johnny Mundt,LAR,27,te,6,0,1,1,100.00%,9,9,0,1,9,9,0.2,1.5,0,MundJo00,1.9
494,Ryan Nall,CHI,26,rb,9,0,1,1,100.00%,4,4,0,0,4,4,0.1,0.4,0,NallRy00,1.4
495,Devine Ozigbo,2TM,25,rb,3,0,1,1,100.00%,7,7,0,1,7,7,0.3,2.3,0,OzigDe01,1.7
496,Danny Pinter,IND,25,ga,16,3,1,1,100.00%,2,2,1,1,2,2,0.1,0.1,0,PintDa00,7.2
497,Bobby Price,DET,23,db,15,2,1,1,100.00%,17,17,0,1,17,17,0.1,1.1,0,PricBo00,2.7
498,Mike Remmers,KAN,32,ta,4,2,1,1,100.00%,-2,-2,0,0,-2,-2,0.3,-0.5,0,RemmMi00,0.8
499,Andre Roberts,2TM,33,wr,16,0,2,1,50.00%,35,35,0,1,35,17.5,0.1,2.2,3,RobeAn00,-1.5
500,Aaron Rodgers*+,GNB,38,QB,16,16,1,1,100.00%,-4,-4,0,0,-4,-4,0.1,-0.3,3,RodgAa00,-5.4
501,Larry Rountree,LAC,22,RB,12,0,2,1,50.00%,-1,-1,0,0,0,-0.5,0.1,-0.1,0,RounLa00,0.9
502,Diontae Spencer,DEN,29,wr,15,0,4,1,25.00%,-3,-3,0,0,0,-0.8,0.1,-0.2,2,SpenDi00,-3.3
503,Terence Steele,DAL,24,ta,16,13,1,1,100.00%,1,1,1,1,1,1,0.1,0.1,0,SteeTe01,7.1
504,Andrew Thomas,NYG,22,ta,13,13,1,1,100.00%,2,2,1,1,2,2,0.1,0.2,0,ThomAn02,7.2
505,Eric Tomlinson,BAL,29,te,17,7,1,1,100.00%,7,7,0,0,7,7,0.1,0.4,0,TomlEr01,1.7
506,Kevin White,NOR,29,wr,6,1,5,1,20.00%,38,38,0,1,38,7.6,0.2,6.3,0,WhitKe00,4.8
507,Christian Wilkins,MIA,26,RDE,17,17,1,1,100.00%,1,1,1,1,1,1,0.1,0.1,1,WilkCh00,5.1
508,Seth Williams,DEN,21,wr,2,1,1,1,100.00%,34,34,0,1,34,34,0.5,17,0,WillSe00,4.4
509,Trayveon Williams,CIN,24,rb,5,0,2,1,50.00%,4,4,0,0,4,2,0.2,0.8,0,WillTr06,1.4
510,Easop Winston,NOR,25,wr,3,1,1,1,100.00%,5,5,0,0,5,5,0.3,1.7,0,WinsEa00,1.5
511,Deon Yelder,TAM,26,te,5,0,1,1,100.00%,0,0,0,0,0,0,0.2,0,0,YeldDe00,1
512,Rodney Adams,CHI,27,wr,1,0,1,0,0.00%,0,,0,0,0,0,0,0,0,AdamRo01,0
513,Geronimo Allison,DET,27,wr,3,1,2,0,0.00%,0,,0,0,0,0,0,0,0,AlliGe01,0
514,Travis Benjamin,SFO,32,wr,10,0,5,0,0.00%,0,,0,0,0,0,0,0,1,BenjTr00,-2
515,Darius Bradwell,LAC,24,fb,2,0,1,0,0.00%,0,,0,0,0,0,0,0,0,BradDa00,0
516,John Brown,3TM,31,wr,4,0,3,0,0.00%,0,,0,0,0,0,0,0,0,BrowJo02,0
517,Tevaughn Campbell,LAC,28,rcb,16,7,1,0,0.00%,0,,0,0,0,0,0,0,0,CampTe00,0
518,Tyrie Cleveland,DEN,24,wr,7,0,1,0,0.00%,0,,0,0,0,0,0,0,0,ClevTy00,0
519,Isaiah Coulter,CHI,23,wr,3,0,1,0,0.00%,0,,0,0,0,0,0,0,0,CoulIs00,0
520,Keion Crossen,NYG,25,db,16,0,1,0,0.00%,0,,0,0,0,0,0,0,0,CrosKe00,0
521,Dion Dawkins*,BUF,27,ta,16,15,1,0,0.00%,0,,0,0,0,0,0,0,0,DawkDi00,0
522,Ben Ellefson,MIN,25,te,5,0,1,0,0.00%,0,,0,0,0,0,0,0,0,ElleBe00,0
523,Jason Huntley,PHI,23,rb,1,0,1,0,0.00%,0,,0,0,0,0,0,0,0,HuntJa01,0
524,Jalen Hurts,PHI,23,QB,15,15,1,0,0.00%,0,,0,0,0,0,0,0,9,HurtJa00,-18
525,Codey McElroy,TAM,29,te,2,0,1,0,0.00%,0,,0,0,0,0,0,0,0,McElCo00,0
526,David Moore,2TM,26,wr,3,0,2,0,0.00%,0,,0,0,0,0,0,0,0,MoorDa03,0
527,Matt Nelson,DET,26,ta,13,11,1,0,0.00%,0,,0,0,0,0,0,0,0,NelsMa00,0
528,Giovanni Ricci,CAR,25,fb,16,1,2,0,0.00%,0,,0,0,0,0,0,0,0,RiccGi00,0
529,Mekhi Sargent,3TM,24,rb,7,0,1,0,0.00%,0,,0,0,0,0,0,0,0,SargMe00,0
530,Devin Smith,JAX,29,wr,4,0,1,0,0.00%,0,,0,0,0,0,0,0,0,SmitDe04,0
531,Vyncint Smith,NYJ,25,wr,2,0,1,0,0.00%,0,,0,0,0,0,0,0,0,SmitVy00,0
532,Stephen Sullivan,CAR,25,te,3,0,1,0,0.00%,0,,0,0,0,0,0,0,0,SullSt00,0
533,Colin Thompson,CAR,28,te,11,2,1,0,0.00%,0,,0,0,0,0,0,0,0,ThomCo03,0
534,Trent Williams*+,SFO,33,ta,15,15,1,0,0.00%,0,,0,0,0,0,0,0,0,WillTr21,0
535,Zach Wilson,NYJ,22,QB,13,13,1,0,0.00%,0,,0,0,0,0,0,0,5,WilsZa00,-10
